episode_id,method,outage_duration,outage_profile,seed,episode_seed,key_scheme,ablation_row,replication_lag,topology,source_node,reconnect_node,ttr_seconds,epoch_guard_result,tau_star,scenario_id,n_actions,n_eligible,n_duplicate,n_stale,n_escalated,n_invalidated,n_unsafe,unsafe_action_rate
0,cold_restart,0,no_outage,42,1000560805678195632,intent,full,0,same-node,edge-a,edge-a,0.0,True,0.5051826557580381,replan-dup-2,2,2,2,0,0,0,2,1.0
1,cold_restart,0,no_outage,42,838209000473952722,intent,full,0,same-node,edge-a,edge-a,0.0,True,0.5051826557580381,replan-dup-2,2,2,2,0,0,0,2,1.0
2,cold_restart,0,no_outage,42,4469928697249471659,intent,full,0,same-node,edge-a,edge-a,0.0,True,0.5051826557580381,replan-dup-2,2,2,2,0,0,0,2,1.0
3,cold_restart,0,no_outage,42,6375541886162054255,intent,full,0,same-node,edge-a,edge-a,0.0,True,0.5051826557580381,replan-dup-2,2,2,2,0,0,0,2,1.0
4,cold_restart,0,no_outage,42,5752506108973990879,intent,full,0,same-node,edge-a,edge-a,0.0,True,0.5051826557580381,replan-dup-2,2,2,2,0,0,0,2,1.0
5,cold_restart,0,no_outage,42,7740480619141972048,intent,full,0,same-node,edge-a,edge-a,0.0,True,0.5051826557580381,replan-dup-2,2,2,2,0,0,0,2,1.0
6,cold_restart,0,no_outage,42,5402195957621709605,intent,full,0,same-node,edge-a,edge-a,0.0,True,0.5051826557580381,replan-dup-2,2,2,2,0,0,0,2,1.0
7,cold_restart,0,no_outage,42,5071071186620630946,intent,full,0,same-node,edge-a,edge-a,0.0,True,0.5051826557580381,replan-dup-2,2,2,2,0,0,0,2,1.0
8,cold_restart,0,no_outage,42,2996550076485922724,intent,full,0,same-node,edge-a,edge-a,0.0,True,0.5051826557580381,replan-dup-2,2,2,2,0,0,0,2,1.0
9,cold_restart,0,no_outage,42,1659610156106784811,intent,full,0,same-node,edge-a,edge-a,0.0,True,0.5051826557580381,replan-dup-2,2,2,2,0,0,0,2,1.0
10,cold_restart,0,no_outage,42,5026695072880194192,intent,full,0,same-node,edge-a,edge-a,0.0,True,0.5051826557580381,replan-dup-2,2,2,2,0,0,0,2,1.0
11,cold_restart,0,no_outage,42,4605303971865583238,intent,full,0,same-node,edge-a,edge-a,0.0,True,0.5051826557580381,replan-dup-2,2,2,2,0,0,0,2,1.0
12,cold_restart,0,no_outage,42,514123296406967061,intent,full,0,same-node,edge-a,edge-a,0.0,True,0.5051826557580381,replan-dup-2,2,2,2,0,0,0,2,1.0
13,cold_restart,0,no_outage,42,674484758029797735,intent,full,0,same-node,edge-a,edge-a,0.0,True,0.5051826557580381,replan-dup-2,2,2,2,0,0,0,2,1.0
14,cold_restart,0,no_outage,42,4723290243680839075,intent,full,0,same-node,edge-a,edge-a,0.0,True,0.5051826557580381,replan-dup-2,2,2,2,0,0,0,2,1.0
15,cold_restart,0,no_outage,42,3252027095100926175,intent,full,0,same-node,edge-a,edge-a,0.0,True,0.5051826557580381,replan-dup-2,2,2,2,0,0,0,2,1.0
16,cold_restart,0,no_outage,42,5489101568280380981,intent,full,0,same-node,edge-a,edge-a,0.0,True,0.5051826557580381,replan-dup-2,2,2,2,0,0,0,2,1.0
17,cold_restart,0,no_outage,42,5112754352817967920,intent,full,0,same-node,edge-a,edge-a,0.0,True,0.5051826557580381,replan-dup-2,2,2,2,0,0,0,2,1.0
18,cold_restart,0,no_outage,42,528410377176805687,intent,full,0,same-node,edge-a,edge-a,0.0,True,0.5051826557580381,replan-dup-2,2,2,2,0,0,0,2,1.0
19,cold_restart,0,no_outage,42,92429039583610670,intent,full,0,same-node,edge-a,edge-a,0.0,True,0.5051826557580381,replan-dup-2,2,2,2,0,0,0,2,1.0
20,cold_restart,0,no_outage,42,3939337710125202641,intent,full,0,same-node,edge-a,edge-a,0.0,True,0.5051826557580381,replan-dup-2,2,2,2,0,0,0,2,1.0
21,cold_restart,0,no_outage,42,145643735873444939,intent,full,0,same-node,edge-a,edge-a,0.0,True,0.5051826557580381,replan-dup-2,2,2,2,0,0,0,2,1.0
22,cold_restart,0,no_outage,42,5153806474211289383,intent,full,0,same-node,edge-a,edge-a,0.0,True,0.5051826557580381,replan-dup-2,2,2,2,0,0,0,2,1.0
23,cold_restart,0,no_outage,42,8134739022005810485,intent,full,0,same-node,edge-a,edge-a,0.0,True,0.5051826557580381,replan-dup-2,2,2,2,0,0,0,2,1.0
24,cold_restart,0,no_outage,42,4360951900007866161,intent,full,0,same-node,edge-a,edge-a,0.0,True,0.5051826557580381,replan-dup-2,2,2,2,0,0,0,2,1.0
25,cold_restart,0,no_outage,42,2881016637095806112,intent,full,0,same-node,edge-a,edge-a,0.0,True,0.5051826557580381,replan-dup-2,2,2,2,0,0,0,2,1.0
26,cold_restart,0,no_outage,42,4861074085866487970,intent,full,0,same-node,edge-a,edge-a,0.0,True,0.5051826557580381,replan-dup-2,2,2,2,0,0,0,2,1.0
27,cold_restart,0,no_outage,42,8735975843664220229,intent,full,0,same-node,edge-a,edge-a,0.0,True,0.5051826557580381,replan-dup-2,2,2,2,0,0,0,2,1.0
28,cold_restart,0,no_outage,42,1498496329567487442,intent,full,0,same-node,edge-a,edge-a,0.0,True,0.5051826557580381,replan-dup-2,2,2,2,0,0,0,2,1.0
29,cold_restart,0,no_outage,42,6013411893910844080,intent,full,0,same-node,edge-a,edge-a,0.0,True,0.5051826557580381,replan-dup-2,2,2,2,0,0,0,2,1.0
30,cold_restart,0,no_outage,42,1073242244100479450,intent,full,0,same-node,edge-a,edge-a,0.0,True,0.5051826557580381,replan-dup-2,2,2,2,0,0,0,2,1.0
31,cold_restart,0,no_outage,42,860236815442713795,intent,full,0,same-node,edge-a,edge-a,0.0,True,0.5051826557580381,replan-dup-2,2,2,2,0,0,0,2,1.0
32,cold_restart,0,no_outage,42,1872460575292197459,intent,full,0,same-node,edge-a,edge-a,0.0,True,0.5051826557580381,replan-dup-2,2,2,2,0,0,0,2,1.0
33,cold_restart,0,no_outage,42,6779577458268489126,intent,full,0,same-node,edge-a,edge-a,0.0,True,0.5051826557580381,replan-dup-2,2,2,2,0,0,0,2,1.0
34,cold_restart,0,no_outage,42,3991564903225597652,intent,full,0,same-node,edge-a,edge-a,0.0,True,0.5051826557580381,replan-dup-2,2,2,2,0,0,0,2,1.0
35,cold_restart,0,no_outage,42,5290419331391886181,intent,full,0,same-node,edge-a,edge-a,0.0,True,0.5051826557580381,replan-dup-2,2,2,2,0,0,0,2,1.0
36,cold_restart,0,no_outage,42,2558479878931588432,intent,full,0,same-node,edge-a,edge-a,0.0,True,0.5051826557580381,replan-dup-2,2,2,2,0,0,0,2,1.0
37,cold_restart,0,no_outage,42,4101563029464057521,intent,full,0,same-node,edge-a,edge-a,0.0,True,0.5051826557580381,replan-dup-2,2,2,2,0,0,0,2,1.0
38,cold_restart,0,no_outage,42,2277668531075607640,intent,full,0,same-node,edge-a,edge-a,0.0,True,0.5051826557580381,replan-dup-2,2,2,2,0,0,0,2,1.0
39,cold_restart,0,no_outage,42,1422821936482780879,intent,full,0,same-node,edge-a,edge-a,0.0,True,0.5051826557580381,replan-dup-2,2,2,2,0,0,0,2,1.0
40,cold_restart,0,no_outage,42,7149915996688020428,intent,full,0,same-node,edge-a,edge-a,0.0,True,0.5051826557580381,replan-dup-2,2,2,2,0,0,0,2,1.0
41,cold_restart,0,no_outage,42,847262296315053363,intent,full,0,same-node,edge-a,edge-a,0.0,True,0.5051826557580381,replan-dup-2,2,2,2,0,0,0,2,1.0
42,cold_restart,0,no_outage,42,2121954646261723289,intent,full,0,same-node,edge-a,edge-a,0.0,True,0.5051826557580381,replan-dup-2,2,2,2,0,0,0,2,1.0
43,cold_restart,0,no_outage,42,4068714619064476474,intent,full,0,same-node,edge-a,edge-a,0.0,True,0.5051826557580381,replan-dup-2,2,2,2,0,0,0,2,1.0
44,cold_restart,0,no_outage,42,9013275921993070968,intent,full,0,same-node,edge-a,edge-a,0.0,True,0.5051826557580381,replan-dup-2,2,2,2,0,0,0,2,1.0
45,cold_restart,0,no_outage,42,2156216003191905391,intent,full,0,same-node,edge-a,edge-a,0.0,True,0.5051826557580381,replan-dup-2,2,2,2,0,0,0,2,1.0
46,cold_restart,0,no_outage,42,5074975183544875430,intent,full,0,same-node,edge-a,edge-a,0.0,True,0.5051826557580381,replan-dup-2,2,2,2,0,0,0,2,1.0
47,cold_restart,0,no_outage,42,8589489081347243339,intent,full,0,same-node,edge-a,edge-a,0.0,True,0.5051826557580381,replan-dup-2,2,2,2,0,0,0,2,1.0
48,cold_restart,0,no_outage,42,3181650617402490915,intent,full,0,same-node,edge-a,edge-a,0.0,True,0.5051826557580381,replan-dup-2,2,2,2,0,0,0,2,1.0
49,cold_restart,0,no_outage,42,7157203610800098888,intent,full,0,same-node,edge-a,edge-a,0.0,True,0.5051826557580381,replan-dup-2,2,2,2,0,0,0,2,1.0
50,cold_restart,0,no_outage,42,5675826990125284943,intent,full,0,same-node,edge-a,edge-a,0.0,True,0.5051826557580381,replan-dup-2,2,2,2,0,0,0,2,1.0
51,cold_restart,0,no_outage,42,4507066895374295218,intent,full,0,same-node,edge-a,edge-a,0.0,True,0.5051826557580381,replan-dup-2,2,2,2,0,0,0,2,1.0
52,cold_restart,0,no_outage,42,8663339073518653437,intent,full,0,same-node,edge-a,edge-a,0.0,True,0.5051826557580381,replan-dup-2,2,2,2,0,0,0,2,1.0
53,cold_restart,0,no_outage,42,9059524889792162409,intent,full,0,same-node,edge-a,edge-a,0.0,True,0.5051826557580381,replan-dup-2,2,2,2,0,0,0,2,1.0
54,cold_restart,0,no_outage,42,5840185158395957132,intent,full,0,same-node,edge-a,edge-a,0.0,True,0.5051826557580381,replan-dup-2,2,2,2,0,0,0,2,1.0
55,cold_restart,0,no_outage,42,5594284145914592487,intent,full,0,same-node,edge-a,edge-a,0.0,True,0.5051826557580381,replan-dup-2,2,2,2,0,0,0,2,1.0
56,cold_restart,0,no_outage,42,3712900099362676869,intent,full,0,same-node,edge-a,edge-a,0.0,True,0.5051826557580381,replan-dup-2,2,2,2,0,0,0,2,1.0
57,cold_restart,0,no_outage,42,371659948154880100,intent,full,0,same-node,edge-a,edge-a,0.0,True,0.5051826557580381,replan-dup-2,2,2,2,0,0,0,2,1.0
58,cold_restart,0,no_outage,42,610861379796725446,intent,full,0,same-node,edge-a,edge-a,0.0,True,0.5051826557580381,replan-dup-2,2,2,2,0,0,0,2,1.0
59,cold_restart,0,no_outage,42,112934477400109697,intent,full,0,same-node,edge-a,edge-a,0.0,True,0.5051826557580381,replan-dup-2,2,2,2,0,0,0,2,1.0
60,cold_restart,0,no_outage,42,6286425901771179042,intent,full,0,same-node,edge-a,edge-a,0.0,True,0.5051826557580381,replan-dup-2,2,2,2,0,0,0,2,1.0
61,cold_restart,0,no_outage,42,3361659179338380604,intent,full,0,same-node,edge-a,edge-a,0.0,True,0.5051826557580381,replan-dup-2,2,2,2,0,0,0,2,1.0
62,cold_restart,0,no_outage,42,8513023717936591298,intent,full,0,same-node,edge-a,edge-a,0.0,True,0.5051826557580381,replan-dup-2,2,2,2,0,0,0,2,1.0
63,cold_restart,0,no_outage,42,4547574653273310514,intent,full,0,same-node,edge-a,edge-a,0.0,True,0.5051826557580381,replan-dup-2,2,2,2,0,0,0,2,1.0
64,cold_restart,0,no_outage,42,3068264476573823133,intent,full,0,same-node,edge-a,edge-a,0.0,True,0.5051826557580381,replan-dup-2,2,2,2,0,0,0,2,1.0
65,cold_restart,0,no_outage,42,8893025446511363229,intent,full,0,same-node,edge-a,edge-a,0.0,True,0.5051826557580381,replan-dup-2,2,2,2,0,0,0,2,1.0
66,cold_restart,0,no_outage,42,5529050758926376854,intent,full,0,same-node,edge-a,edge-a,0.0,True,0.5051826557580381,replan-dup-2,2,2,2,0,0,0,2,1.0
67,cold_restart,0,no_outage,42,8711921383702051002,intent,full,0,same-node,edge-a,edge-a,0.0,True,0.5051826557580381,replan-dup-2,2,2,2,0,0,0,2,1.0
68,cold_restart,0,no_outage,42,8659470515048037316,intent,full,0,same-node,edge-a,edge-a,0.0,True,0.5051826557580381,replan-dup-2,2,2,2,0,0,0,2,1.0
69,cold_restart,0,no_outage,42,3430182277733411076,intent,full,0,same-node,edge-a,edge-a,0.0,True,0.5051826557580381,replan-dup-2,2,2,2,0,0,0,2,1.0
70,cold_restart,0,no_outage,42,3510851110975934682,intent,full,0,same-node,edge-a,edge-a,0.0,True,0.5051826557580381,replan-dup-2,2,2,2,0,0,0,2,1.0
71,cold_restart,0,no_outage,42,8831823183864137134,intent,full,0,same-node,edge-a,edge-a,0.0,True,0.5051826557580381,replan-dup-2,2,2,2,0,0,0,2,1.0
72,cold_restart,0,no_outage,42,5060758118292912132,intent,full,0,same-node,edge-a,edge-a,0.0,True,0.5051826557580381,replan-dup-2,2,2,2,0,0,0,2,1.0
73,cold_restart,0,no_outage,42,5160572949459322243,intent,full,0,same-node,edge-a,edge-a,0.0,True,0.5051826557580381,replan-dup-2,2,2,2,0,0,0,2,1.0
74,cold_restart,0,no_outage,42,467453436535625280,intent,full,0,same-node,edge-a,edge-a,0.0,True,0.5051826557580381,replan-dup-2,2,2,2,0,0,0,2,1.0
75,cold_restart,0,no_outage,42,7052680314707102978,intent,full,0,same-node,edge-a,edge-a,0.0,True,0.5051826557580381,replan-dup-2,2,2,2,0,0,0,2,1.0
76,cold_restart,0,no_outage,42,4615313110149002329,intent,full,0,same-node,edge-a,edge-a,0.0,True,0.5051826557580381,replan-dup-2,2,2,2,0,0,0,2,1.0
77,cold_restart,0,no_outage,42,2356992831214996450,intent,full,0,same-node,edge-a,edge-a,0.0,True,0.5051826557580381,replan-dup-2,2,2,2,0,0,0,2,1.0
78,cold_restart,0,no_outage,42,6460386611637653990,intent,full,0,same-node,edge-a,edge-a,0.0,True,0.5051826557580381,replan-dup-2,2,2,2,0,0,0,2,1.0
79,cold_restart,0,no_outage,42,3558909826023772200,intent,full,0,same-node,edge-a,edge-a,0.0,True,0.5051826557580381,replan-dup-2,2,2,2,0,0,0,2,1.0
80,cold_restart,0,no_outage,42,187741602215285849,intent,full,0,same-node,edge-a,edge-a,0.0,True,0.5051826557580381,replan-dup-2,2,2,2,0,0,0,2,1.0
81,cold_restart,0,no_outage,42,324274626318201509,intent,full,0,same-node,edge-a,edge-a,0.0,True,0.5051826557580381,replan-dup-2,2,2,2,0,0,0,2,1.0
82,cold_restart,0,no_outage,42,2580763272966149752,intent,full,0,same-node,edge-a,edge-a,0.0,True,0.5051826557580381,replan-dup-2,2,2,2,0,0,0,2,1.0
83,cold_restart,0,no_outage,42,5713307446415436164,intent,full,0,same-node,edge-a,edge-a,0.0,True,0.5051826557580381,replan-dup-2,2,2,2,0,0,0,2,1.0
84,cold_restart,0,no_outage,42,7380182767413525772,intent,full,0,same-node,edge-a,edge-a,0.0,True,0.5051826557580381,replan-dup-2,2,2,2,0,0,0,2,1.0
85,cold_restart,0,no_outage,42,7257166616931590575,intent,full,0,same-node,edge-a,edge-a,0.0,True,0.5051826557580381,replan-dup-2,2,2,2,0,0,0,2,1.0
86,cold_restart,0,no_outage,42,6334401583828898854,intent,full,0,same-node,edge-a,edge-a,0.0,True,0.5051826557580381,replan-dup-2,2,2,2,0,0,0,2,1.0
87,cold_restart,0,no_outage,42,6213092078032971800,intent,full,0,same-node,edge-a,edge-a,0.0,True,0.5051826557580381,replan-dup-2,2,2,2,0,0,0,2,1.0
88,cold_restart,0,no_outage,42,7558412552980555060,intent,full,0,same-node,edge-a,edge-a,0.0,True,0.5051826557580381,replan-dup-2,2,2,2,0,0,0,2,1.0
89,cold_restart,0,no_outage,42,5514311350168547729,intent,full,0,same-node,edge-a,edge-a,0.0,True,0.5051826557580381,replan-dup-2,2,2,2,0,0,0,2,1.0
90,cold_restart,0,no_outage,42,3198314643811597447,intent,full,0,same-node,edge-a,edge-a,0.0,True,0.5051826557580381,replan-dup-2,2,2,2,0,0,0,2,1.0
91,cold_restart,0,no_outage,42,3090171527715382618,intent,full,0,same-node,edge-a,edge-a,0.0,True,0.5051826557580381,replan-dup-2,2,2,2,0,0,0,2,1.0
92,cold_restart,0,no_outage,42,2742295673730471167,intent,full,0,same-node,edge-a,edge-a,0.0,True,0.5051826557580381,replan-dup-2,2,2,2,0,0,0,2,1.0
93,cold_restart,0,no_outage,42,8031822298142141751,intent,full,0,same-node,edge-a,edge-a,0.0,True,0.5051826557580381,replan-dup-2,2,2,2,0,0,0,2,1.0
94,cold_restart,0,no_outage,42,6693557550221076202,intent,full,0,same-node,edge-a,edge-a,0.0,True,0.5051826557580381,replan-dup-2,2,2,2,0,0,0,2,1.0
95,cold_restart,0,no_outage,42,290805270007994288,intent,full,0,same-node,edge-a,edge-a,0.0,True,0.5051826557580381,replan-dup-2,2,2,2,0,0,0,2,1.0
96,cold_restart,0,no_outage,42,764889309325318642,intent,full,0,same-node,edge-a,edge-a,0.0,True,0.5051826557580381,replan-dup-2,2,2,2,0,0,0,2,1.0
97,cold_restart,0,no_outage,42,6410731261700163860,intent,full,0,same-node,edge-a,edge-a,0.0,True,0.5051826557580381,replan-dup-2,2,2,2,0,0,0,2,1.0
98,cold_restart,0,no_outage,42,5256676206157442316,intent,full,0,same-node,edge-a,edge-a,0.0,True,0.5051826557580381,replan-dup-2,2,2,2,0,0,0,2,1.0
99,cold_restart,0,no_outage,42,6988395367333398534,intent,full,0,same-node,edge-a,edge-a,0.0,True,0.5051826557580381,replan-dup-2,2,2,2,0,0,0,2,1.0
0,cold_restart,10,short_outage,42,5948648572240668723,intent,full,0,same-node,edge-a,edge-a,0.0,True,0.5051826557580381,replan-dup-2,2,2,1,0,0,0,1,0.5
1,cold_restart,10,short_outage,42,7016184696079737539,intent,full,0,same-node,edge-a,edge-a,0.0,True,0.5051826557580381,replan-dup-2,2,2,1,0,0,0,1,0.5
2,cold_restart,10,short_outage,42,4386155535227904864,intent,full,0,same-node,edge-a,edge-a,0.0,True,0.5051826557580381,replan-dup-2,2,2,1,0,0,0,1,0.5
3,cold_restart,10,short_outage,42,656391458354329510,intent,full,0,same-node,edge-a,edge-a,0.0,True,0.5051826557580381,replan-dup-2,2,2,1,0,0,0,1,0.5
4,cold_restart,10,short_outage,42,6748252557647324929,intent,full,0,same-node,edge-a,edge-a,0.0,True,0.5051826557580381,replan-dup-2,2,2,1,0,0,0,1,0.5
5,cold_restart,10,short_outage,42,5775012196342456149,intent,full,0,same-node,edge-a,edge-a,0.0,True,0.5051826557580381,replan-dup-2,2,2,1,0,0,0,1,0.5
6,cold_restart,10,short_outage,42,3252233025285063041,intent,full,0,same-node,edge-a,edge-a,0.0,True,0.5051826557580381,replan-dup-2,2,2,1,0,0,0,1,0.5
7,cold_restart,10,short_outage,42,841054358435818452,intent,full,0,same-node,edge-a,edge-a,0.0,True,0.5051826557580381,replan-dup-2,2,2,1,0,0,0,1,0.5
8,cold_restart,10,short_outage,42,4110592813441204364,intent,full,0,same-node,edge-a,edge-a,0.0,True,0.5051826557580381,replan-dup-2,2,2,1,0,0,0,1,0.5
9,cold_restart,10,short_outage,42,4807097060331337010,intent,full,0,same-node,edge-a,edge-a,0.0,True,0.5051826557580381,replan-dup-2,2,2,1,0,0,0,1,0.5
10,cold_restart,10,short_outage,42,1268284825520950976,intent,full,0,same-node,edge-a,edge-a,0.0,True,0.5051826557580381,replan-dup-2,2,2,1,0,0,0,1,0.5
11,cold_restart,10,short_outage,42,9151792499499387905,intent,full,0,same-node,edge-a,edge-a,0.0,True,0.5051826557580381,replan-dup-2,2,2,1,0,0,0,1,0.5
12,cold_restart,10,short_outage,42,8405312631809396629,intent,full,0,same-node,edge-a,edge-a,0.0,True,0.5051826557580381,replan-dup-2,2,2,1,0,0,0,1,0.5
13,cold_restart,10,short_outage,42,9216871762072158126,intent,full,0,same-node,edge-a,edge-a,0.0,True,0.5051826557580381,replan-dup-2,2,2,1,0,0,0,1,0.5
14,cold_restart,10,short_outage,42,6763482995026618178,intent,full,0,same-node,edge-a,edge-a,0.0,True,0.5051826557580381,replan-dup-2,2,2,1,0,0,0,1,0.5
15,cold_restart,10,short_outage,42,1399650392208907595,intent,full,0,same-node,edge-a,edge-a,0.0,True,0.5051826557580381,replan-dup-2,2,2,1,0,0,0,1,0.5
16,cold_restart,10,short_outage,42,5817663490985035462,intent,full,0,same-node,edge-a,edge-a,0.0,True,0.5051826557580381,replan-dup-2,2,2,1,0,0,0,1,0.5
17,cold_restart,10,short_outage,42,6487565550005869879,intent,full,0,same-node,edge-a,edge-a,0.0,True,0.5051826557580381,replan-dup-2,2,2,1,0,0,0,1,0.5
18,cold_restart,10,short_outage,42,639470374878016551,intent,full,0,same-node,edge-a,edge-a,0.0,True,0.5051826557580381,replan-dup-2,2,2,1,0,0,0,1,0.5
19,cold_restart,10,short_outage,42,2189779611949060206,intent,full,0,same-node,edge-a,edge-a,0.0,True,0.5051826557580381,replan-dup-2,2,2,1,0,0,0,1,0.5
20,cold_restart,10,short_outage,42,297849758248984634,intent,full,0,same-node,edge-a,edge-a,0.0,True,0.5051826557580381,replan-dup-2,2,2,1,0,0,0,1,0.5
21,cold_restart,10,short_outage,42,6224870017354889882,intent,full,0,same-node,edge-a,edge-a,0.0,True,0.5051826557580381,replan-dup-2,2,2,1,0,0,0,1,0.5
22,cold_restart,10,short_outage,42,8579966894679545343,intent,full,0,same-node,edge-a,edge-a,0.0,True,0.5051826557580381,replan-dup-2,2,2,1,0,0,0,1,0.5
23,cold_restart,10,short_outage,42,4161002381378763641,intent,full,0,same-node,edge-a,edge-a,0.0,True,0.5051826557580381,replan-dup-2,2,2,1,0,0,0,1,0.5
24,cold_restart,10,short_outage,42,1880258337173361117,intent,full,0,same-node,edge-a,edge-a,0.0,True,0.5051826557580381,replan-dup-2,2,2,1,0,0,0,1,0.5
25,cold_restart,10,short_outage,42,9140861162483471221,intent,full,0,same-node,edge-a,edge-a,0.0,True,0.5051826557580381,replan-dup-2,2,2,1,0,0,0,1,0.5
26,cold_restart,10,short_outage,42,8778020684488657192,intent,full,0,same-node,edge-a,edge-a,0.0,True,0.5051826557580381,replan-dup-2,2,2,1,0,0,0,1,0.5
27,cold_restart,10,short_outage,42,4474162068869425887,intent,full,0,same-node,edge-a,edge-a,0.0,True,0.5051826557580381,replan-dup-2,2,2,1,0,0,0,1,0.5
28,cold_restart,10,short_outage,42,8360071572525366929,intent,full,0,same-node,edge-a,edge-a,0.0,True,0.5051826557580381,replan-dup-2,2,2,1,0,0,0,1,0.5
29,cold_restart,10,short_outage,42,8614164123702399942,intent,full,0,same-node,edge-a,edge-a,0.0,True,0.5051826557580381,replan-dup-2,2,2,1,0,0,0,1,0.5
30,cold_restart,10,short_outage,42,1366376252609784237,intent,full,0,same-node,edge-a,edge-a,0.0,True,0.5051826557580381,replan-dup-2,2,2,1,0,0,0,1,0.5
31,cold_restart,10,short_outage,42,7539213332750318903,intent,full,0,same-node,edge-a,edge-a,0.0,True,0.5051826557580381,replan-dup-2,2,2,1,0,0,0,1,0.5
32,cold_restart,10,short_outage,42,2566799692369249620,intent,full,0,same-node,edge-a,edge-a,0.0,True,0.5051826557580381,replan-dup-2,2,2,1,0,0,0,1,0.5
33,cold_restart,10,short_outage,42,1958216661707294655,intent,full,0,same-node,edge-a,edge-a,0.0,True,0.5051826557580381,replan-dup-2,2,2,1,0,0,0,1,0.5
34,cold_restart,10,short_outage,42,7849072159674684458,intent,full,0,same-node,edge-a,edge-a,0.0,True,0.5051826557580381,replan-dup-2,2,2,1,0,0,0,1,0.5
35,cold_restart,10,short_outage,42,1500981274466609839,intent,full,0,same-node,edge-a,edge-a,0.0,True,0.5051826557580381,replan-dup-2,2,2,1,0,0,0,1,0.5
36,cold_restart,10,short_outage,42,4938649282250511144,intent,full,0,same-node,edge-a,edge-a,0.0,True,0.5051826557580381,replan-dup-2,2,2,1,0,0,0,1,0.5
37,cold_restart,10,short_outage,42,6816590722429101987,intent,full,0,same-node,edge-a,edge-a,0.0,True,0.5051826557580381,replan-dup-2,2,2,1,0,0,0,1,0.5
38,cold_restart,10,short_outage,42,4410945347301366831,intent,full,0,same-node,edge-a,edge-a,0.0,True,0.5051826557580381,replan-dup-2,2,2,1,0,0,0,1,0.5
39,cold_restart,10,short_outage,42,977859119912275389,intent,full,0,same-node,edge-a,edge-a,0.0,True,0.5051826557580381,replan-dup-2,2,2,1,0,0,0,1,0.5
40,cold_restart,10,short_outage,42,3717728350385007798,intent,full,0,same-node,edge-a,edge-a,0.0,True,0.5051826557580381,replan-dup-2,2,2,1,0,0,0,1,0.5
41,cold_restart,10,short_outage,42,8478821062099098418,intent,full,0,same-node,edge-a,edge-a,0.0,True,0.5051826557580381,replan-dup-2,2,2,1,0,0,0,1,0.5
42,cold_restart,10,short_outage,42,5504317243960385099,intent,full,0,same-node,edge-a,edge-a,0.0,True,0.5051826557580381,replan-dup-2,2,2,1,0,0,0,1,0.5
43,cold_restart,10,short_outage,42,7004282211468666896,intent,full,0,same-node,edge-a,edge-a,0.0,True,0.5051826557580381,replan-dup-2,2,2,1,0,0,0,1,0.5
44,cold_restart,10,short_outage,42,9069593571038409443,intent,full,0,same-node,edge-a,edge-a,0.0,True,0.5051826557580381,replan-dup-2,2,2,1,0,0,0,1,0.5
45,cold_restart,10,short_outage,42,7169901445945668944,intent,full,0,same-node,edge-a,edge-a,0.0,True,0.5051826557580381,replan-dup-2,2,2,1,0,0,0,1,0.5
46,cold_restart,10,short_outage,42,1971323226658117473,intent,full,0,same-node,edge-a,edge-a,0.0,True,0.5051826557580381,replan-dup-2,2,2,1,0,0,0,1,0.5
47,cold_restart,10,short_outage,42,2210813290122047459,intent,full,0,same-node,edge-a,edge-a,0.0,True,0.5051826557580381,replan-dup-2,2,2,1,0,0,0,1,0.5
48,cold_restart,10,short_outage,42,5831275017860029027,intent,full,0,same-node,edge-a,edge-a,0.0,True,0.5051826557580381,replan-dup-2,2,2,1,0,0,0,1,0.5
49,cold_restart,10,short_outage,42,7867653720717500379,intent,full,0,same-node,edge-a,edge-a,0.0,True,0.5051826557580381,replan-dup-2,2,2,1,0,0,0,1,0.5
50,cold_restart,10,short_outage,42,3400987865078376830,intent,full,0,same-node,edge-a,edge-a,0.0,True,0.5051826557580381,replan-dup-2,2,2,1,0,0,0,1,0.5
51,cold_restart,10,short_outage,42,239206013339938538,intent,full,0,same-node,edge-a,edge-a,0.0,True,0.5051826557580381,replan-dup-2,2,2,1,0,0,0,1,0.5
52,cold_restart,10,short_outage,42,7155339093114491174,intent,full,0,same-node,edge-a,edge-a,0.0,True,0.5051826557580381,replan-dup-2,2,2,1,0,0,0,1,0.5
53,cold_restart,10,short_outage,42,1228796265735218198,intent,full,0,same-node,edge-a,edge-a,0.0,True,0.5051826557580381,replan-dup-2,2,2,1,0,0,0,1,0.5
54,cold_restart,10,short_outage,42,2559569310709235940,intent,full,0,same-node,edge-a,edge-a,0.0,True,0.5051826557580381,replan-dup-2,2,2,1,0,0,0,1,0.5
55,cold_restart,10,short_outage,42,2896863056798716730,intent,full,0,same-node,edge-a,edge-a,0.0,True,0.5051826557580381,replan-dup-2,2,2,1,0,0,0,1,0.5
56,cold_restart,10,short_outage,42,6713120937472124944,intent,full,0,same-node,edge-a,edge-a,0.0,True,0.5051826557580381,replan-dup-2,2,2,1,0,0,0,1,0.5
57,cold_restart,10,short_outage,42,4506720352072323517,intent,full,0,same-node,edge-a,edge-a,0.0,True,0.5051826557580381,replan-dup-2,2,2,1,0,0,0,1,0.5
58,cold_restart,10,short_outage,42,8032030831829089902,intent,full,0,same-node,edge-a,edge-a,0.0,True,0.5051826557580381,replan-dup-2,2,2,1,0,0,0,1,0.5
59,cold_restart,10,short_outage,42,783075828145663385,intent,full,0,same-node,edge-a,edge-a,0.0,True,0.5051826557580381,replan-dup-2,2,2,1,0,0,0,1,0.5
60,cold_restart,10,short_outage,42,33197076156299009,intent,full,0,same-node,edge-a,edge-a,0.0,True,0.5051826557580381,replan-dup-2,2,2,1,0,0,0,1,0.5
61,cold_restart,10,short_outage,42,5635312665865148031,intent,full,0,same-node,edge-a,edge-a,0.0,True,0.5051826557580381,replan-dup-2,2,2,1,0,0,0,1,0.5
62,cold_restart,10,short_outage,42,7426375150528817642,intent,full,0,same-node,edge-a,edge-a,0.0,True,0.5051826557580381,replan-dup-2,2,2,1,0,0,0,1,0.5
63,cold_restart,10,short_outage,42,6595398003075877497,intent,full,0,same-node,edge-a,edge-a,0.0,True,0.5051826557580381,replan-dup-2,2,2,1,0,0,0,1,0.5
64,cold_restart,10,short_outage,42,5195356841424159889,intent,full,0,same-node,edge-a,edge-a,0.0,True,0.5051826557580381,replan-dup-2,2,2,1,0,0,0,1,0.5
65,cold_restart,10,short_outage,42,943971686714327535,intent,full,0,same-node,edge-a,edge-a,0.0,True,0.5051826557580381,replan-dup-2,2,2,1,0,0,0,1,0.5
66,cold_restart,10,short_outage,42,6390479241265697150,intent,full,0,same-node,edge-a,edge-a,0.0,True,0.5051826557580381,replan-dup-2,2,2,1,0,0,0,1,0.5
67,cold_restart,10,short_outage,42,4279615183021267409,intent,full,0,same-node,edge-a,edge-a,0.0,True,0.5051826557580381,replan-dup-2,2,2,1,0,0,0,1,0.5
68,cold_restart,10,short_outage,42,6381565198829293727,intent,full,0,same-node,edge-a,edge-a,0.0,True,0.5051826557580381,replan-dup-2,2,2,1,0,0,0,1,0.5
69,cold_restart,10,short_outage,42,15405250781073129,intent,full,0,same-node,edge-a,edge-a,0.0,True,0.5051826557580381,replan-dup-2,2,2,1,0,0,0,1,0.5
70,cold_restart,10,short_outage,42,4740898062618038813,intent,full,0,same-node,edge-a,edge-a,0.0,True,0.5051826557580381,replan-dup-2,2,2,1,0,0,0,1,0.5
71,cold_restart,10,short_outage,42,9024140708999788559,intent,full,0,same-node,edge-a,edge-a,0.0,True,0.5051826557580381,replan-dup-2,2,2,1,0,0,0,1,0.5
72,cold_restart,10,short_outage,42,1161827502601369545,intent,full,0,same-node,edge-a,edge-a,0.0,True,0.5051826557580381,replan-dup-2,2,2,1,0,0,0,1,0.5
73,cold_restart,10,short_outage,42,3027635906506775393,intent,full,0,same-node,edge-a,edge-a,0.0,True,0.5051826557580381,replan-dup-2,2,2,1,0,0,0,1,0.5
74,cold_restart,10,short_outage,42,2513018135458404661,intent,full,0,same-node,edge-a,edge-a,0.0,True,0.5051826557580381,replan-dup-2,2,2,1,0,0,0,1,0.5
75,cold_restart,10,short_outage,42,4894853248067573500,intent,full,0,same-node,edge-a,edge-a,0.0,True,0.5051826557580381,replan-dup-2,2,2,1,0,0,0,1,0.5
76,cold_restart,10,short_outage,42,5232400028258575494,intent,full,0,same-node,edge-a,edge-a,0.0,True,0.5051826557580381,replan-dup-2,2,2,1,0,0,0,1,0.5
77,cold_restart,10,short_outage,42,4663285832337619609,intent,full,0,same-node,edge-a,edge-a,0.0,True,0.5051826557580381,replan-dup-2,2,2,1,0,0,0,1,0.5
78,cold_restart,10,short_outage,42,7094486460086280301,intent,full,0,same-node,edge-a,edge-a,0.0,True,0.5051826557580381,replan-dup-2,2,2,1,0,0,0,1,0.5
79,cold_restart,10,short_outage,42,5844260082772742857,intent,full,0,same-node,edge-a,edge-a,0.0,True,0.5051826557580381,replan-dup-2,2,2,1,0,0,0,1,0.5
80,cold_restart,10,short_outage,42,7723755250979683938,intent,full,0,same-node,edge-a,edge-a,0.0,True,0.5051826557580381,replan-dup-2,2,2,1,0,0,0,1,0.5
81,cold_restart,10,short_outage,42,4371237751935029527,intent,full,0,same-node,edge-a,edge-a,0.0,True,0.5051826557580381,replan-dup-2,2,2,1,0,0,0,1,0.5
82,cold_restart,10,short_outage,42,2289981031559490821,intent,full,0,same-node,edge-a,edge-a,0.0,True,0.5051826557580381,replan-dup-2,2,2,1,0,0,0,1,0.5
83,cold_restart,10,short_outage,42,5367237792186000589,intent,full,0,same-node,edge-a,edge-a,0.0,True,0.5051826557580381,replan-dup-2,2,2,1,0,0,0,1,0.5
84,cold_restart,10,short_outage,42,1774071650852798086,intent,full,0,same-node,edge-a,edge-a,0.0,True,0.5051826557580381,replan-dup-2,2,2,1,0,0,0,1,0.5
85,cold_restart,10,short_outage,42,5922488724766098188,intent,full,0,same-node,edge-a,edge-a,0.0,True,0.5051826557580381,replan-dup-2,2,2,1,0,0,0,1,0.5
86,cold_restart,10,short_outage,42,8497864491212299760,intent,full,0,same-node,edge-a,edge-a,0.0,True,0.5051826557580381,replan-dup-2,2,2,1,0,0,0,1,0.5
87,cold_restart,10,short_outage,42,2970300742101257435,intent,full,0,same-node,edge-a,edge-a,0.0,True,0.5051826557580381,replan-dup-2,2,2,1,0,0,0,1,0.5
88,cold_restart,10,short_outage,42,7338969918471744937,intent,full,0,same-node,edge-a,edge-a,0.0,True,0.5051826557580381,replan-dup-2,2,2,1,0,0,0,1,0.5
89,cold_restart,10,short_outage,42,8279522123638908524,intent,full,0,same-node,edge-a,edge-a,0.0,True,0.5051826557580381,replan-dup-2,2,2,1,0,0,0,1,0.5
90,cold_restart,10,short_outage,42,3565088914050314618,intent,full,0,same-node,edge-a,edge-a,0.0,True,0.5051826557580381,replan-dup-2,2,2,1,0,0,0,1,0.5
91,cold_restart,10,short_outage,42,1484998092074638185,intent,full,0,same-node,edge-a,edge-a,0.0,True,0.5051826557580381,replan-dup-2,2,2,1,0,0,0,1,0.5
92,cold_restart,10,short_outage,42,1048706826157970302,intent,full,0,same-node,edge-a,edge-a,0.0,True,0.5051826557580381,replan-dup-2,2,2,1,0,0,0,1,0.5
93,cold_restart,10,short_outage,42,351395172924845482,intent,full,0,same-node,edge-a,edge-a,0.0,True,0.5051826557580381,replan-dup-2,2,2,1,0,0,0,1,0.5
94,cold_restart,10,short_outage,42,2239528902556127517,intent,full,0,same-node,edge-a,edge-a,0.0,True,0.5051826557580381,replan-dup-2,2,2,1,0,0,0,1,0.5
95,cold_restart,10,short_outage,42,4340612627589990288,intent,full,0,same-node,edge-a,edge-a,0.0,True,0.5051826557580381,replan-dup-2,2,2,1,0,0,0,1,0.5
96,cold_restart,10,short_outage,42,5153545321692097362,intent,full,0,same-node,edge-a,edge-a,0.0,True,0.5051826557580381,replan-dup-2,2,2,1,0,0,0,1,0.5
97,cold_restart,10,short_outage,42,6179767874070428083,intent,full,0,same-node,edge-a,edge-a,0.0,True,0.5051826557580381,replan-dup-2,2,2,1,0,0,0,1,0.5
98,cold_restart,10,short_outage,42,6213517222683930340,intent,full,0,same-node,edge-a,edge-a,0.0,True,0.5051826557580381,replan-dup-2,2,2,1,0,0,0,1,0.5
99,cold_restart,10,short_outage,42,6033558438644796034,intent,full,0,same-node,edge-a,edge-a,0.0,True,0.5051826557580381,replan-dup-2,2,2,1,0,0,0,1,0.5
0,cold_restart,90,baseline,42,1892802982542115037,intent,full,0,same-node,edge-a,edge-a,0.0,True,0.5051826557580381,replan-dup-2,2,2,1,1,0,0,2,1.0
1,cold_restart,90,baseline,42,7925130344133326367,intent,full,0,same-node,edge-a,edge-a,0.0,True,0.5051826557580381,replan-dup-2,2,2,1,1,0,0,2,1.0
2,cold_restart,90,baseline,42,260309973307582441,intent,full,0,same-node,edge-a,edge-a,0.0,True,0.5051826557580381,replan-dup-2,2,2,1,1,0,0,2,1.0
3,cold_restart,90,baseline,42,400443291010094461,intent,full,0,same-node,edge-a,edge-a,0.0,True,0.5051826557580381,replan-dup-2,2,2,1,1,0,0,2,1.0
4,cold_restart,90,baseline,42,1781146921169137747,intent,full,0,same-node,edge-a,edge-a,0.0,True,0.5051826557580381,replan-dup-2,2,2,1,1,0,0,2,1.0
5,cold_restart,90,baseline,42,2328699614679510095,intent,full,0,same-node,edge-a,edge-a,0.0,True,0.5051826557580381,replan-dup-2,2,2,1,1,0,0,2,1.0
6,cold_restart,90,baseline,42,8746640374307326848,intent,full,0,same-node,edge-a,edge-a,0.0,True,0.5051826557580381,replan-dup-2,2,2,1,1,0,0,2,1.0
7,cold_restart,90,baseline,42,3806397791262709758,intent,full,0,same-node,edge-a,edge-a,0.0,True,0.5051826557580381,replan-dup-2,2,2,1,1,0,0,2,1.0
8,cold_restart,90,baseline,42,8646629014304402556,intent,full,0,same-node,edge-a,edge-a,0.0,True,0.5051826557580381,replan-dup-2,2,2,1,1,0,0,2,1.0
9,cold_restart,90,baseline,42,5057011316429050009,intent,full,0,same-node,edge-a,edge-a,0.0,True,0.5051826557580381,replan-dup-2,2,2,1,1,0,0,2,1.0
10,cold_restart,90,baseline,42,3832611146373735216,intent,full,0,same-node,edge-a,edge-a,0.0,True,0.5051826557580381,replan-dup-2,2,2,1,1,0,0,2,1.0
11,cold_restart,90,baseline,42,7168653309618892282,intent,full,0,same-node,edge-a,edge-a,0.0,True,0.5051826557580381,replan-dup-2,2,2,1,1,0,0,2,1.0
12,cold_restart,90,baseline,42,7381770316510889792,intent,full,0,same-node,edge-a,edge-a,0.0,True,0.5051826557580381,replan-dup-2,2,2,1,1,0,0,2,1.0
13,cold_restart,90,baseline,42,91723725120131688,intent,full,0,same-node,edge-a,edge-a,0.0,True,0.5051826557580381,replan-dup-2,2,2,1,1,0,0,2,1.0
14,cold_restart,90,baseline,42,4271478300723327233,intent,full,0,same-node,edge-a,edge-a,0.0,True,0.5051826557580381,replan-dup-2,2,2,1,1,0,0,2,1.0
15,cold_restart,90,baseline,42,1129662237931999769,intent,full,0,same-node,edge-a,edge-a,0.0,True,0.5051826557580381,replan-dup-2,2,2,1,1,0,0,2,1.0
16,cold_restart,90,baseline,42,5904795666915073485,intent,full,0,same-node,edge-a,edge-a,0.0,True,0.5051826557580381,replan-dup-2,2,2,1,1,0,0,2,1.0
17,cold_restart,90,baseline,42,2265332092971248662,intent,full,0,same-node,edge-a,edge-a,0.0,True,0.5051826557580381,replan-dup-2,2,2,1,1,0,0,2,1.0
18,cold_restart,90,baseline,42,3128301935733384578,intent,full,0,same-node,edge-a,edge-a,0.0,True,0.5051826557580381,replan-dup-2,2,2,1,1,0,0,2,1.0
19,cold_restart,90,baseline,42,263633693670459395,intent,full,0,same-node,edge-a,edge-a,0.0,True,0.5051826557580381,replan-dup-2,2,2,1,1,0,0,2,1.0
20,cold_restart,90,baseline,42,3986487701553490489,intent,full,0,same-node,edge-a,edge-a,0.0,True,0.5051826557580381,replan-dup-2,2,2,1,1,0,0,2,1.0
21,cold_restart,90,baseline,42,5346824253456659930,intent,full,0,same-node,edge-a,edge-a,0.0,True,0.5051826557580381,replan-dup-2,2,2,1,1,0,0,2,1.0
22,cold_restart,90,baseline,42,8427871559716178164,intent,full,0,same-node,edge-a,edge-a,0.0,True,0.5051826557580381,replan-dup-2,2,2,1,1,0,0,2,1.0
23,cold_restart,90,baseline,42,1602539158175102280,intent,full,0,same-node,edge-a,edge-a,0.0,True,0.5051826557580381,replan-dup-2,2,2,1,1,0,0,2,1.0
24,cold_restart,90,baseline,42,2826176216872808086,intent,full,0,same-node,edge-a,edge-a,0.0,True,0.5051826557580381,replan-dup-2,2,2,1,1,0,0,2,1.0
25,cold_restart,90,baseline,42,3939305151272441501,intent,full,0,same-node,edge-a,edge-a,0.0,True,0.5051826557580381,replan-dup-2,2,2,1,1,0,0,2,1.0
26,cold_restart,90,baseline,42,1710583733206973066,intent,full,0,same-node,edge-a,edge-a,0.0,True,0.5051826557580381,replan-dup-2,2,2,1,1,0,0,2,1.0
27,cold_restart,90,baseline,42,5095905218527020351,intent,full,0,same-node,edge-a,edge-a,0.0,True,0.5051826557580381,replan-dup-2,2,2,1,1,0,0,2,1.0
28,cold_restart,90,baseline,42,1189372778871312192,intent,full,0,same-node,edge-a,edge-a,0.0,True,0.5051826557580381,replan-dup-2,2,2,1,1,0,0,2,1.0
29,cold_restart,90,baseline,42,3922736050320604835,intent,full,0,same-node,edge-a,edge-a,0.0,True,0.5051826557580381,replan-dup-2,2,2,1,1,0,0,2,1.0
30,cold_restart,90,baseline,42,5087667016900339638,intent,full,0,same-node,edge-a,edge-a,0.0,True,0.5051826557580381,replan-dup-2,2,2,1,1,0,0,2,1.0
31,cold_restart,90,baseline,42,8539975149789410555,intent,full,0,same-node,edge-a,edge-a,0.0,True,0.5051826557580381,replan-dup-2,2,2,1,1,0,0,2,1.0
32,cold_restart,90,baseline,42,789995097611349642,intent,full,0,same-node,edge-a,edge-a,0.0,True,0.5051826557580381,replan-dup-2,2,2,1,1,0,0,2,1.0
33,cold_restart,90,baseline,42,8933759410800983475,intent,full,0,same-node,edge-a,edge-a,0.0,True,0.5051826557580381,replan-dup-2,2,2,1,1,0,0,2,1.0
34,cold_restart,90,baseline,42,5142984820993787726,intent,full,0,same-node,edge-a,edge-a,0.0,True,0.5051826557580381,replan-dup-2,2,2,1,1,0,0,2,1.0
35,cold_restart,90,baseline,42,8399377835610114513,intent,full,0,same-node,edge-a,edge-a,0.0,True,0.5051826557580381,replan-dup-2,2,2,1,1,0,0,2,1.0
36,cold_restart,90,baseline,42,5961650586982312976,intent,full,0,same-node,edge-a,edge-a,0.0,True,0.5051826557580381,replan-dup-2,2,2,1,1,0,0,2,1.0
37,cold_restart,90,baseline,42,4580532431508221382,intent,full,0,same-node,edge-a,edge-a,0.0,True,0.5051826557580381,replan-dup-2,2,2,1,1,0,0,2,1.0
38,cold_restart,90,baseline,42,5701723068301763174,intent,full,0,same-node,edge-a,edge-a,0.0,True,0.5051826557580381,replan-dup-2,2,2,1,1,0,0,2,1.0
39,cold_restart,90,baseline,42,8679483904448757720,intent,full,0,same-node,edge-a,edge-a,0.0,True,0.5051826557580381,replan-dup-2,2,2,1,1,0,0,2,1.0
40,cold_restart,90,baseline,42,5802965271882202098,intent,full,0,same-node,edge-a,edge-a,0.0,True,0.5051826557580381,replan-dup-2,2,2,1,1,0,0,2,1.0
41,cold_restart,90,baseline,42,9217235793649460322,intent,full,0,same-node,edge-a,edge-a,0.0,True,0.5051826557580381,replan-dup-2,2,2,1,1,0,0,2,1.0
42,cold_restart,90,baseline,42,3330075420772873953,intent,full,0,same-node,edge-a,edge-a,0.0,True,0.5051826557580381,replan-dup-2,2,2,1,1,0,0,2,1.0
43,cold_restart,90,baseline,42,2153167545078546524,intent,full,0,same-node,edge-a,edge-a,0.0,True,0.5051826557580381,replan-dup-2,2,2,1,1,0,0,2,1.0
44,cold_restart,90,baseline,42,759990581612275607,intent,full,0,same-node,edge-a,edge-a,0.0,True,0.5051826557580381,replan-dup-2,2,2,1,1,0,0,2,1.0
45,cold_restart,90,baseline,42,530243246184875013,intent,full,0,same-node,edge-a,edge-a,0.0,True,0.5051826557580381,replan-dup-2,2,2,1,1,0,0,2,1.0
46,cold_restart,90,baseline,42,4581142336306876681,intent,full,0,same-node,edge-a,edge-a,0.0,True,0.5051826557580381,replan-dup-2,2,2,1,1,0,0,2,1.0
47,cold_restart,90,baseline,42,5305745895148855367,intent,full,0,same-node,edge-a,edge-a,0.0,True,0.5051826557580381,replan-dup-2,2,2,1,1,0,0,2,1.0
48,cold_restart,90,baseline,42,4296302747474524471,intent,full,0,same-node,edge-a,edge-a,0.0,True,0.5051826557580381,replan-dup-2,2,2,1,1,0,0,2,1.0
49,cold_restart,90,baseline,42,5957859568696944031,intent,full,0,same-node,edge-a,edge-a,0.0,True,0.5051826557580381,replan-dup-2,2,2,1,1,0,0,2,1.0
50,cold_restart,90,baseline,42,5022428586671042567,intent,full,0,same-node,edge-a,edge-a,0.0,True,0.5051826557580381,replan-dup-2,2,2,1,1,0,0,2,1.0
51,cold_restart,90,baseline,42,9056738040601179516,intent,full,0,same-node,edge-a,edge-a,0.0,True,0.5051826557580381,replan-dup-2,2,2,1,1,0,0,2,1.0
52,cold_restart,90,baseline,42,2056771027312357985,intent,full,0,same-node,edge-a,edge-a,0.0,True,0.5051826557580381,replan-dup-2,2,2,1,1,0,0,2,1.0
53,cold_restart,90,baseline,42,4893585732708722074,intent,full,0,same-node,edge-a,edge-a,0.0,True,0.5051826557580381,replan-dup-2,2,2,1,1,0,0,2,1.0
54,cold_restart,90,baseline,42,268130252164492627,intent,full,0,same-node,edge-a,edge-a,0.0,True,0.5051826557580381,replan-dup-2,2,2,1,1,0,0,2,1.0
55,cold_restart,90,baseline,42,7689648409884462022,intent,full,0,same-node,edge-a,edge-a,0.0,True,0.5051826557580381,replan-dup-2,2,2,1,1,0,0,2,1.0
56,cold_restart,90,baseline,42,532588050420467923,intent,full,0,same-node,edge-a,edge-a,0.0,True,0.5051826557580381,replan-dup-2,2,2,1,1,0,0,2,1.0
57,cold_restart,90,baseline,42,7693305484252153438,intent,full,0,same-node,edge-a,edge-a,0.0,True,0.5051826557580381,replan-dup-2,2,2,1,1,0,0,2,1.0
58,cold_restart,90,baseline,42,3917850475874477435,intent,full,0,same-node,edge-a,edge-a,0.0,True,0.5051826557580381,replan-dup-2,2,2,1,1,0,0,2,1.0
59,cold_restart,90,baseline,42,7018476438559936137,intent,full,0,same-node,edge-a,edge-a,0.0,True,0.5051826557580381,replan-dup-2,2,2,1,1,0,0,2,1.0
60,cold_restart,90,baseline,42,8669515782723916692,intent,full,0,same-node,edge-a,edge-a,0.0,True,0.5051826557580381,replan-dup-2,2,2,1,1,0,0,2,1.0
61,cold_restart,90,baseline,42,5913019056016750642,intent,full,0,same-node,edge-a,edge-a,0.0,True,0.5051826557580381,replan-dup-2,2,2,1,1,0,0,2,1.0
62,cold_restart,90,baseline,42,7540632535324184434,intent,full,0,same-node,edge-a,edge-a,0.0,True,0.5051826557580381,replan-dup-2,2,2,1,1,0,0,2,1.0
63,cold_restart,90,baseline,42,2568937258660339207,intent,full,0,same-node,edge-a,edge-a,0.0,True,0.5051826557580381,replan-dup-2,2,2,1,1,0,0,2,1.0
64,cold_restart,90,baseline,42,3026915341003262524,intent,full,0,same-node,edge-a,edge-a,0.0,True,0.5051826557580381,replan-dup-2,2,2,1,1,0,0,2,1.0
65,cold_restart,90,baseline,42,2227406475835675089,intent,full,0,same-node,edge-a,edge-a,0.0,True,0.5051826557580381,replan-dup-2,2,2,1,1,0,0,2,1.0
66,cold_restart,90,baseline,42,9652221973094645,intent,full,0,same-node,edge-a,edge-a,0.0,True,0.5051826557580381,replan-dup-2,2,2,1,1,0,0,2,1.0
67,cold_restart,90,baseline,42,631298024641377007,intent,full,0,same-node,edge-a,edge-a,0.0,True,0.5051826557580381,replan-dup-2,2,2,1,1,0,0,2,1.0
68,cold_restart,90,baseline,42,9188305852281558887,intent,full,0,same-node,edge-a,edge-a,0.0,True,0.5051826557580381,replan-dup-2,2,2,1,1,0,0,2,1.0
69,cold_restart,90,baseline,42,3351070340013601022,intent,full,0,same-node,edge-a,edge-a,0.0,True,0.5051826557580381,replan-dup-2,2,2,1,1,0,0,2,1.0
70,cold_restart,90,baseline,42,6175316628779852151,intent,full,0,same-node,edge-a,edge-a,0.0,True,0.5051826557580381,replan-dup-2,2,2,1,1,0,0,2,1.0
71,cold_restart,90,baseline,42,3820955066761906622,intent,full,0,same-node,edge-a,edge-a,0.0,True,0.5051826557580381,replan-dup-2,2,2,1,1,0,0,2,1.0
72,cold_restart,90,baseline,42,5398514704981370566,intent,full,0,same-node,edge-a,edge-a,0.0,True,0.5051826557580381,replan-dup-2,2,2,1,1,0,0,2,1.0
73,cold_restart,90,baseline,42,9033383179243036172,intent,full,0,same-node,edge-a,edge-a,0.0,True,0.5051826557580381,replan-dup-2,2,2,1,1,0,0,2,1.0
74,cold_restart,90,baseline,42,8705614445958203671,intent,full,0,same-node,edge-a,edge-a,0.0,True,0.5051826557580381,replan-dup-2,2,2,1,1,0,0,2,1.0
75,cold_restart,90,baseline,42,4321593945574290933,intent,full,0,same-node,edge-a,edge-a,0.0,True,0.5051826557580381,replan-dup-2,2,2,1,1,0,0,2,1.0
76,cold_restart,90,baseline,42,3275494820828675209,intent,full,0,same-node,edge-a,edge-a,0.0,True,0.5051826557580381,replan-dup-2,2,2,1,1,0,0,2,1.0
77,cold_restart,90,baseline,42,8158427990477437550,intent,full,0,same-node,edge-a,edge-a,0.0,True,0.5051826557580381,replan-dup-2,2,2,1,1,0,0,2,1.0
78,cold_restart,90,baseline,42,5861261684024714274,intent,full,0,same-node,edge-a,edge-a,0.0,True,0.5051826557580381,replan-dup-2,2,2,1,1,0,0,2,1.0
79,cold_restart,90,baseline,42,619182264846216679,intent,full,0,same-node,edge-a,edge-a,0.0,True,0.5051826557580381,replan-dup-2,2,2,1,1,0,0,2,1.0
80,cold_restart,90,baseline,42,7215582076871677149,intent,full,0,same-node,edge-a,edge-a,0.0,True,0.5051826557580381,replan-dup-2,2,2,1,1,0,0,2,1.0
81,cold_restart,90,baseline,42,8591516245890047028,intent,full,0,same-node,edge-a,edge-a,0.0,True,0.5051826557580381,replan-dup-2,2,2,1,1,0,0,2,1.0
82,cold_restart,90,baseline,42,872136901191097931,intent,full,0,same-node,edge-a,edge-a,0.0,True,0.5051826557580381,replan-dup-2,2,2,1,1,0,0,2,1.0
83,cold_restart,90,baseline,42,7627718813317419910,intent,full,0,same-node,edge-a,edge-a,0.0,True,0.5051826557580381,replan-dup-2,2,2,1,1,0,0,2,1.0
84,cold_restart,90,baseline,42,954885441010926651,intent,full,0,same-node,edge-a,edge-a,0.0,True,0.5051826557580381,replan-dup-2,2,2,1,1,0,0,2,1.0
85,cold_restart,90,baseline,42,5451407560434362276,intent,full,0,same-node,edge-a,edge-a,0.0,True,0.5051826557580381,replan-dup-2,2,2,1,1,0,0,2,1.0
86,cold_restart,90,baseline,42,6998491701302209052,intent,full,0,same-node,edge-a,edge-a,0.0,True,0.5051826557580381,replan-dup-2,2,2,1,1,0,0,2,1.0
87,cold_restart,90,baseline,42,7338081668115032335,intent,full,0,same-node,edge-a,edge-a,0.0,True,0.5051826557580381,replan-dup-2,2,2,1,1,0,0,2,1.0
88,cold_restart,90,baseline,42,3166166692985478174,intent,full,0,same-node,edge-a,edge-a,0.0,True,0.5051826557580381,replan-dup-2,2,2,1,1,0,0,2,1.0
89,cold_restart,90,baseline,42,5312309255577515312,intent,full,0,same-node,edge-a,edge-a,0.0,True,0.5051826557580381,replan-dup-2,2,2,1,1,0,0,2,1.0
90,cold_restart,90,baseline,42,7463238351255336852,intent,full,0,same-node,edge-a,edge-a,0.0,True,0.5051826557580381,replan-dup-2,2,2,1,1,0,0,2,1.0
91,cold_restart,90,baseline,42,3239586396316395935,intent,full,0,same-node,edge-a,edge-a,0.0,True,0.5051826557580381,replan-dup-2,2,2,1,1,0,0,2,1.0
92,cold_restart,90,baseline,42,7482714297886560998,intent,full,0,same-node,edge-a,edge-a,0.0,True,0.5051826557580381,replan-dup-2,2,2,1,1,0,0,2,1.0
93,cold_restart,90,baseline,42,4370418978526184439,intent,full,0,same-node,edge-a,edge-a,0.0,True,0.5051826557580381,replan-dup-2,2,2,1,1,0,0,2,1.0
94,cold_restart,90,baseline,42,2541270612431291350,intent,full,0,same-node,edge-a,edge-a,0.0,True,0.5051826557580381,replan-dup-2,2,2,1,1,0,0,2,1.0
95,cold_restart,90,baseline,42,878673745808637643,intent,full,0,same-node,edge-a,edge-a,0.0,True,0.5051826557580381,replan-dup-2,2,2,1,1,0,0,2,1.0
96,cold_restart,90,baseline,42,865554004057727017,intent,full,0,same-node,edge-a,edge-a,0.0,True,0.5051826557580381,replan-dup-2,2,2,1,1,0,0,2,1.0
97,cold_restart,90,baseline,42,2071900301006967857,intent,full,0,same-node,edge-a,edge-a,0.0,True,0.5051826557580381,replan-dup-2,2,2,1,1,0,0,2,1.0
98,cold_restart,90,baseline,42,4086073057422341110,intent,full,0,same-node,edge-a,edge-a,0.0,True,0.5051826557580381,replan-dup-2,2,2,1,1,0,0,2,1.0
99,cold_restart,90,baseline,42,1576902709716452061,intent,full,0,same-node,edge-a,edge-a,0.0,True,0.5051826557580381,replan-dup-2,2,2,1,1,0,0,2,1.0
0,cold_restart,300,long_outage,42,5492239973571522188,intent,full,0,same-node,edge-a,edge-a,0.0,True,0.5051826557580381,replan-dup-2,2,2,1,1,0,0,2,1.0
1,cold_restart,300,long_outage,42,671527337793189430,intent,full,0,same-node,edge-a,edge-a,0.0,True,0.5051826557580381,replan-dup-2,2,2,1,1,0,0,2,1.0
2,cold_restart,300,long_outage,42,5683388796864544679,intent,full,0,same-node,edge-a,edge-a,0.0,True,0.5051826557580381,replan-dup-2,2,2,1,1,0,0,2,1.0
3,cold_restart,300,long_outage,42,373818259598859137,intent,full,0,same-node,edge-a,edge-a,0.0,True,0.5051826557580381,replan-dup-2,2,2,1,1,0,0,2,1.0
4,cold_restart,300,long_outage,42,3614333390207102057,intent,full,0,same-node,edge-a,edge-a,0.0,True,0.5051826557580381,replan-dup-2,2,2,1,1,0,0,2,1.0
5,cold_restart,300,long_outage,42,4904279386436925313,intent,full,0,same-node,edge-a,edge-a,0.0,True,0.5051826557580381,replan-dup-2,2,2,1,1,0,0,2,1.0
6,cold_restart,300,long_outage,42,3787255676254373565,intent,full,0,same-node,edge-a,edge-a,0.0,True,0.5051826557580381,replan-dup-2,2,2,1,1,0,0,2,1.0
7,cold_restart,300,long_outage,42,978854338561185046,intent,full,0,same-node,edge-a,edge-a,0.0,True,0.5051826557580381,replan-dup-2,2,2,1,1,0,0,2,1.0
8,cold_restart,300,long_outage,42,1565176916916889821,intent,full,0,same-node,edge-a,edge-a,0.0,True,0.5051826557580381,replan-dup-2,2,2,1,1,0,0,2,1.0
9,cold_restart,300,long_outage,42,2429989755367930373,intent,full,0,same-node,edge-a,edge-a,0.0,True,0.5051826557580381,replan-dup-2,2,2,1,1,0,0,2,1.0
10,cold_restart,300,long_outage,42,4738941655813097637,intent,full,0,same-node,edge-a,edge-a,0.0,True,0.5051826557580381,replan-dup-2,2,2,1,1,0,0,2,1.0
11,cold_restart,300,long_outage,42,5556857136339480821,intent,full,0,same-node,edge-a,edge-a,0.0,True,0.5051826557580381,replan-dup-2,2,2,1,1,0,0,2,1.0
12,cold_restart,300,long_outage,42,5937481214663967059,intent,full,0,same-node,edge-a,edge-a,0.0,True,0.5051826557580381,replan-dup-2,2,2,1,1,0,0,2,1.0
13,cold_restart,300,long_outage,42,409783358606772068,intent,full,0,same-node,edge-a,edge-a,0.0,True,0.5051826557580381,replan-dup-2,2,2,1,1,0,0,2,1.0
14,cold_restart,300,long_outage,42,9160962157414018328,intent,full,0,same-node,edge-a,edge-a,0.0,True,0.5051826557580381,replan-dup-2,2,2,1,1,0,0,2,1.0
15,cold_restart,300,long_outage,42,6090365855424710419,intent,full,0,same-node,edge-a,edge-a,0.0,True,0.5051826557580381,replan-dup-2,2,2,1,1,0,0,2,1.0
16,cold_restart,300,long_outage,42,8368999583519761738,intent,full,0,same-node,edge-a,edge-a,0.0,True,0.5051826557580381,replan-dup-2,2,2,1,1,0,0,2,1.0
17,cold_restart,300,long_outage,42,8418737712516047775,intent,full,0,same-node,edge-a,edge-a,0.0,True,0.5051826557580381,replan-dup-2,2,2,1,1,0,0,2,1.0
18,cold_restart,300,long_outage,42,5770366206812959002,intent,full,0,same-node,edge-a,edge-a,0.0,True,0.5051826557580381,replan-dup-2,2,2,1,1,0,0,2,1.0
19,cold_restart,300,long_outage,42,5023542336395880704,intent,full,0,same-node,edge-a,edge-a,0.0,True,0.5051826557580381,replan-dup-2,2,2,1,1,0,0,2,1.0
20,cold_restart,300,long_outage,42,6735388943126972097,intent,full,0,same-node,edge-a,edge-a,0.0,True,0.5051826557580381,replan-dup-2,2,2,1,1,0,0,2,1.0
21,cold_restart,300,long_outage,42,4081344530623090171,intent,full,0,same-node,edge-a,edge-a,0.0,True,0.5051826557580381,replan-dup-2,2,2,1,1,0,0,2,1.0
22,cold_restart,300,long_outage,42,8789846065986073305,intent,full,0,same-node,edge-a,edge-a,0.0,True,0.5051826557580381,replan-dup-2,2,2,1,1,0,0,2,1.0
23,cold_restart,300,long_outage,42,5917591944235228742,intent,full,0,same-node,edge-a,edge-a,0.0,True,0.5051826557580381,replan-dup-2,2,2,1,1,0,0,2,1.0
24,cold_restart,300,long_outage,42,6193060049604678143,intent,full,0,same-node,edge-a,edge-a,0.0,True,0.5051826557580381,replan-dup-2,2,2,1,1,0,0,2,1.0
25,cold_restart,300,long_outage,42,7308100414053310158,intent,full,0,same-node,edge-a,edge-a,0.0,True,0.5051826557580381,replan-dup-2,2,2,1,1,0,0,2,1.0
26,cold_restart,300,long_outage,42,2205027312822207495,intent,full,0,same-node,edge-a,edge-a,0.0,True,0.5051826557580381,replan-dup-2,2,2,1,1,0,0,2,1.0
27,cold_restart,300,long_outage,42,2023867493091409034,intent,full,0,same-node,edge-a,edge-a,0.0,True,0.5051826557580381,replan-dup-2,2,2,1,1,0,0,2,1.0
28,cold_restart,300,long_outage,42,7237595103648971535,intent,full,0,same-node,edge-a,edge-a,0.0,True,0.5051826557580381,replan-dup-2,2,2,1,1,0,0,2,1.0
29,cold_restart,300,long_outage,42,4437024901846406010,intent,full,0,same-node,edge-a,edge-a,0.0,True,0.5051826557580381,replan-dup-2,2,2,1,1,0,0,2,1.0
30,cold_restart,300,long_outage,42,6339415650425482070,intent,full,0,same-node,edge-a,edge-a,0.0,True,0.5051826557580381,replan-dup-2,2,2,1,1,0,0,2,1.0
31,cold_restart,300,long_outage,42,3887048827777078761,intent,full,0,same-node,edge-a,edge-a,0.0,True,0.5051826557580381,replan-dup-2,2,2,1,1,0,0,2,1.0
32,cold_restart,300,long_outage,42,402465848817212136,intent,full,0,same-node,edge-a,edge-a,0.0,True,0.5051826557580381,replan-dup-2,2,2,1,1,0,0,2,1.0
33,cold_restart,300,long_outage,42,4802486809481152756,intent,full,0,same-node,edge-a,edge-a,0.0,True,0.5051826557580381,replan-dup-2,2,2,1,1,0,0,2,1.0
34,cold_restart,300,long_outage,42,1436204114385230477,intent,full,0,same-node,edge-a,edge-a,0.0,True,0.5051826557580381,replan-dup-2,2,2,1,1,0,0,2,1.0
35,cold_restart,300,long_outage,42,3570021903839592285,intent,full,0,same-node,edge-a,edge-a,0.0,True,0.5051826557580381,replan-dup-2,2,2,1,1,0,0,2,1.0
36,cold_restart,300,long_outage,42,6578603730049997296,intent,full,0,same-node,edge-a,edge-a,0.0,True,0.5051826557580381,replan-dup-2,2,2,1,1,0,0,2,1.0
37,cold_restart,300,long_outage,42,2791446069617521180,intent,full,0,same-node,edge-a,edge-a,0.0,True,0.5051826557580381,replan-dup-2,2,2,1,1,0,0,2,1.0
38,cold_restart,300,long_outage,42,2585385160293656314,intent,full,0,same-node,edge-a,edge-a,0.0,True,0.5051826557580381,replan-dup-2,2,2,1,1,0,0,2,1.0
39,cold_restart,300,long_outage,42,174453235336959881,intent,full,0,same-node,edge-a,edge-a,0.0,True,0.5051826557580381,replan-dup-2,2,2,1,1,0,0,2,1.0
40,cold_restart,300,long_outage,42,311121268018859515,intent,full,0,same-node,edge-a,edge-a,0.0,True,0.5051826557580381,replan-dup-2,2,2,1,1,0,0,2,1.0
41,cold_restart,300,long_outage,42,6541601607455682549,intent,full,0,same-node,edge-a,edge-a,0.0,True,0.5051826557580381,replan-dup-2,2,2,1,1,0,0,2,1.0
42,cold_restart,300,long_outage,42,5845945643899046385,intent,full,0,same-node,edge-a,edge-a,0.0,True,0.5051826557580381,replan-dup-2,2,2,1,1,0,0,2,1.0
43,cold_restart,300,long_outage,42,232011076248928023,intent,full,0,same-node,edge-a,edge-a,0.0,True,0.5051826557580381,replan-dup-2,2,2,1,1,0,0,2,1.0
44,cold_restart,300,long_outage,42,5905015061095414547,intent,full,0,same-node,edge-a,edge-a,0.0,True,0.5051826557580381,replan-dup-2,2,2,1,1,0,0,2,1.0
45,cold_restart,300,long_outage,42,7509501691592170158,intent,full,0,same-node,edge-a,edge-a,0.0,True,0.5051826557580381,replan-dup-2,2,2,1,1,0,0,2,1.0
46,cold_restart,300,long_outage,42,522278289784846848,intent,full,0,same-node,edge-a,edge-a,0.0,True,0.5051826557580381,replan-dup-2,2,2,1,1,0,0,2,1.0
47,cold_restart,300,long_outage,42,3707070581779710559,intent,full,0,same-node,edge-a,edge-a,0.0,True,0.5051826557580381,replan-dup-2,2,2,1,1,0,0,2,1.0
48,cold_restart,300,long_outage,42,6716457051462412958,intent,full,0,same-node,edge-a,edge-a,0.0,True,0.5051826557580381,replan-dup-2,2,2,1,1,0,0,2,1.0
49,cold_restart,300,long_outage,42,7798894268318295228,intent,full,0,same-node,edge-a,edge-a,0.0,True,0.5051826557580381,replan-dup-2,2,2,1,1,0,0,2,1.0
50,cold_restart,300,long_outage,42,2305374518032294567,intent,full,0,same-node,edge-a,edge-a,0.0,True,0.5051826557580381,replan-dup-2,2,2,1,1,0,0,2,1.0
51,cold_restart,300,long_outage,42,7599776762125097820,intent,full,0,same-node,edge-a,edge-a,0.0,True,0.5051826557580381,replan-dup-2,2,2,1,1,0,0,2,1.0
52,cold_restart,300,long_outage,42,2253723572546623761,intent,full,0,same-node,edge-a,edge-a,0.0,True,0.5051826557580381,replan-dup-2,2,2,1,1,0,0,2,1.0
53,cold_restart,300,long_outage,42,5972358264515313859,intent,full,0,same-node,edge-a,edge-a,0.0,True,0.5051826557580381,replan-dup-2,2,2,1,1,0,0,2,1.0
54,cold_restart,300,long_outage,42,7823256527294201837,intent,full,0,same-node,edge-a,edge-a,0.0,True,0.5051826557580381,replan-dup-2,2,2,1,1,0,0,2,1.0
55,cold_restart,300,long_outage,42,404667615234418821,intent,full,0,same-node,edge-a,edge-a,0.0,True,0.5051826557580381,replan-dup-2,2,2,1,1,0,0,2,1.0
56,cold_restart,300,long_outage,42,4900871248443278352,intent,full,0,same-node,edge-a,edge-a,0.0,True,0.5051826557580381,replan-dup-2,2,2,1,1,0,0,2,1.0
57,cold_restart,300,long_outage,42,1917267291721468387,intent,full,0,same-node,edge-a,edge-a,0.0,True,0.5051826557580381,replan-dup-2,2,2,1,1,0,0,2,1.0
58,cold_restart,300,long_outage,42,3238567943308460897,intent,full,0,same-node,edge-a,edge-a,0.0,True,0.5051826557580381,replan-dup-2,2,2,1,1,0,0,2,1.0
59,cold_restart,300,long_outage,42,5408436707631396602,intent,full,0,same-node,edge-a,edge-a,0.0,True,0.5051826557580381,replan-dup-2,2,2,1,1,0,0,2,1.0
60,cold_restart,300,long_outage,42,1352690719304442837,intent,full,0,same-node,edge-a,edge-a,0.0,True,0.5051826557580381,replan-dup-2,2,2,1,1,0,0,2,1.0
61,cold_restart,300,long_outage,42,686488040595717648,intent,full,0,same-node,edge-a,edge-a,0.0,True,0.5051826557580381,replan-dup-2,2,2,1,1,0,0,2,1.0
62,cold_restart,300,long_outage,42,3936659800601140639,intent,full,0,same-node,edge-a,edge-a,0.0,True,0.5051826557580381,replan-dup-2,2,2,1,1,0,0,2,1.0
63,cold_restart,300,long_outage,42,3669258362202995106,intent,full,0,same-node,edge-a,edge-a,0.0,True,0.5051826557580381,replan-dup-2,2,2,1,1,0,0,2,1.0
64,cold_restart,300,long_outage,42,2493769250194414523,intent,full,0,same-node,edge-a,edge-a,0.0,True,0.5051826557580381,replan-dup-2,2,2,1,1,0,0,2,1.0
65,cold_restart,300,long_outage,42,7182975843540308754,intent,full,0,same-node,edge-a,edge-a,0.0,True,0.5051826557580381,replan-dup-2,2,2,1,1,0,0,2,1.0
66,cold_restart,300,long_outage,42,6477217107499783341,intent,full,0,same-node,edge-a,edge-a,0.0,True,0.5051826557580381,replan-dup-2,2,2,1,1,0,0,2,1.0
67,cold_restart,300,long_outage,42,8392656789089244377,intent,full,0,same-node,edge-a,edge-a,0.0,True,0.5051826557580381,replan-dup-2,2,2,1,1,0,0,2,1.0
68,cold_restart,300,long_outage,42,7364149720602242943,intent,full,0,same-node,edge-a,edge-a,0.0,True,0.5051826557580381,replan-dup-2,2,2,1,1,0,0,2,1.0
69,cold_restart,300,long_outage,42,1587872936203302391,intent,full,0,same-node,edge-a,edge-a,0.0,True,0.5051826557580381,replan-dup-2,2,2,1,1,0,0,2,1.0
70,cold_restart,300,long_outage,42,7099100768247038081,intent,full,0,same-node,edge-a,edge-a,0.0,True,0.5051826557580381,replan-dup-2,2,2,1,1,0,0,2,1.0
71,cold_restart,300,long_outage,42,6367249728044832671,intent,full,0,same-node,edge-a,edge-a,0.0,True,0.5051826557580381,replan-dup-2,2,2,1,1,0,0,2,1.0
72,cold_restart,300,long_outage,42,6024026383302228294,intent,full,0,same-node,edge-a,edge-a,0.0,True,0.5051826557580381,replan-dup-2,2,2,1,1,0,0,2,1.0
73,cold_restart,300,long_outage,42,8374753361263373257,intent,full,0,same-node,edge-a,edge-a,0.0,True,0.5051826557580381,replan-dup-2,2,2,1,1,0,0,2,1.0
74,cold_restart,300,long_outage,42,1249893229050403776,intent,full,0,same-node,edge-a,edge-a,0.0,True,0.5051826557580381,replan-dup-2,2,2,1,1,0,0,2,1.0
75,cold_restart,300,long_outage,42,872297674627137588,intent,full,0,same-node,edge-a,edge-a,0.0,True,0.5051826557580381,replan-dup-2,2,2,1,1,0,0,2,1.0
76,cold_restart,300,long_outage,42,2665259625447190110,intent,full,0,same-node,edge-a,edge-a,0.0,True,0.5051826557580381,replan-dup-2,2,2,1,1,0,0,2,1.0
77,cold_restart,300,long_outage,42,5897382417196885969,intent,full,0,same-node,edge-a,edge-a,0.0,True,0.5051826557580381,replan-dup-2,2,2,1,1,0,0,2,1.0
78,cold_restart,300,long_outage,42,6471820011966351991,intent,full,0,same-node,edge-a,edge-a,0.0,True,0.5051826557580381,replan-dup-2,2,2,1,1,0,0,2,1.0
79,cold_restart,300,long_outage,42,8082707229554638106,intent,full,0,same-node,edge-a,edge-a,0.0,True,0.5051826557580381,replan-dup-2,2,2,1,1,0,0,2,1.0
80,cold_restart,300,long_outage,42,3767327540110837524,intent,full,0,same-node,edge-a,edge-a,0.0,True,0.5051826557580381,replan-dup-2,2,2,1,1,0,0,2,1.0
81,cold_restart,300,long_outage,42,7567476236580009211,intent,full,0,same-node,edge-a,edge-a,0.0,True,0.5051826557580381,replan-dup-2,2,2,1,1,0,0,2,1.0
82,cold_restart,300,long_outage,42,8656851188230275994,intent,full,0,same-node,edge-a,edge-a,0.0,True,0.5051826557580381,replan-dup-2,2,2,1,1,0,0,2,1.0
83,cold_restart,300,long_outage,42,1060064447931061559,intent,full,0,same-node,edge-a,edge-a,0.0,True,0.5051826557580381,replan-dup-2,2,2,1,1,0,0,2,1.0
84,cold_restart,300,long_outage,42,1471119417157790076,intent,full,0,same-node,edge-a,edge-a,0.0,True,0.5051826557580381,replan-dup-2,2,2,1,1,0,0,2,1.0
85,cold_restart,300,long_outage,42,8825093424495934625,intent,full,0,same-node,edge-a,edge-a,0.0,True,0.5051826557580381,replan-dup-2,2,2,1,1,0,0,2,1.0
86,cold_restart,300,long_outage,42,7933156678295056968,intent,full,0,same-node,edge-a,edge-a,0.0,True,0.5051826557580381,replan-dup-2,2,2,1,1,0,0,2,1.0
87,cold_restart,300,long_outage,42,1778472902458634928,intent,full,0,same-node,edge-a,edge-a,0.0,True,0.5051826557580381,replan-dup-2,2,2,1,1,0,0,2,1.0
88,cold_restart,300,long_outage,42,5571820749475324465,intent,full,0,same-node,edge-a,edge-a,0.0,True,0.5051826557580381,replan-dup-2,2,2,1,1,0,0,2,1.0
89,cold_restart,300,long_outage,42,1260024231882644989,intent,full,0,same-node,edge-a,edge-a,0.0,True,0.5051826557580381,replan-dup-2,2,2,1,1,0,0,2,1.0
90,cold_restart,300,long_outage,42,869081942439229230,intent,full,0,same-node,edge-a,edge-a,0.0,True,0.5051826557580381,replan-dup-2,2,2,1,1,0,0,2,1.0
91,cold_restart,300,long_outage,42,6256819315928082736,intent,full,0,same-node,edge-a,edge-a,0.0,True,0.5051826557580381,replan-dup-2,2,2,1,1,0,0,2,1.0
92,cold_restart,300,long_outage,42,1485710152117008089,intent,full,0,same-node,edge-a,edge-a,0.0,True,0.5051826557580381,replan-dup-2,2,2,1,1,0,0,2,1.0
93,cold_restart,300,long_outage,42,5030094934014337040,intent,full,0,same-node,edge-a,edge-a,0.0,True,0.5051826557580381,replan-dup-2,2,2,1,1,0,0,2,1.0
94,cold_restart,300,long_outage,42,8136951654669652662,intent,full,0,same-node,edge-a,edge-a,0.0,True,0.5051826557580381,replan-dup-2,2,2,1,1,0,0,2,1.0
95,cold_restart,300,long_outage,42,6683086618508000583,intent,full,0,same-node,edge-a,edge-a,0.0,True,0.5051826557580381,replan-dup-2,2,2,1,1,0,0,2,1.0
96,cold_restart,300,long_outage,42,1127746035861316209,intent,full,0,same-node,edge-a,edge-a,0.0,True,0.5051826557580381,replan-dup-2,2,2,1,1,0,0,2,1.0
97,cold_restart,300,long_outage,42,8662158894988471930,intent,full,0,same-node,edge-a,edge-a,0.0,True,0.5051826557580381,replan-dup-2,2,2,1,1,0,0,2,1.0
98,cold_restart,300,long_outage,42,4741774120847279115,intent,full,0,same-node,edge-a,edge-a,0.0,True,0.5051826557580381,replan-dup-2,2,2,1,1,0,0,2,1.0
99,cold_restart,300,long_outage,42,968290453465002395,intent,full,0,same-node,edge-a,edge-a,0.0,True,0.5051826557580381,replan-dup-2,2,2,1,1,0,0,2,1.0
0,naive_retry,0,no_outage,42,1255126690727824010,intent,full,0,same-node,edge-a,edge-a,0.0,True,0.5051826557580381,replan-dup-2,2,2,0,0,0,0,0,0.0
1,naive_retry,0,no_outage,42,1696140226222832188,intent,full,0,same-node,edge-a,edge-a,0.0,True,0.5051826557580381,replan-dup-2,2,2,0,0,0,0,0,0.0
2,naive_retry,0,no_outage,42,8236349315278535212,intent,full,0,same-node,edge-a,edge-a,0.0,True,0.5051826557580381,replan-dup-2,2,2,0,0,0,0,0,0.0
3,naive_retry,0,no_outage,42,7180542933897799365,intent,full,0,same-node,edge-a,edge-a,0.0,True,0.5051826557580381,replan-dup-2,2,2,0,0,0,0,0,0.0
4,naive_retry,0,no_outage,42,4865195143054278092,intent,full,0,same-node,edge-a,edge-a,0.0,True,0.5051826557580381,replan-dup-2,2,2,0,0,0,0,0,0.0
5,naive_retry,0,no_outage,42,1008074907289531083,intent,full,0,same-node,edge-a,edge-a,0.0,True,0.5051826557580381,replan-dup-2,2,2,0,0,0,0,0,0.0
6,naive_retry,0,no_outage,42,216062386463798319,intent,full,0,same-node,edge-a,edge-a,0.0,True,0.5051826557580381,replan-dup-2,2,2,0,0,0,0,0,0.0
7,naive_retry,0,no_outage,42,7402395530916152801,intent,full,0,same-node,edge-a,edge-a,0.0,True,0.5051826557580381,replan-dup-2,2,2,0,0,0,0,0,0.0
8,naive_retry,0,no_outage,42,8724166829153619146,intent,full,0,same-node,edge-a,edge-a,0.0,True,0.5051826557580381,replan-dup-2,2,2,0,0,0,0,0,0.0
9,naive_retry,0,no_outage,42,782643529747605933,intent,full,0,same-node,edge-a,edge-a,0.0,True,0.5051826557580381,replan-dup-2,2,2,0,0,0,0,0,0.0
10,naive_retry,0,no_outage,42,6479227627440033675,intent,full,0,same-node,edge-a,edge-a,0.0,True,0.5051826557580381,replan-dup-2,2,2,0,0,0,0,0,0.0
11,naive_retry,0,no_outage,42,7023552047045686970,intent,full,0,same-node,edge-a,edge-a,0.0,True,0.5051826557580381,replan-dup-2,2,2,0,0,0,0,0,0.0
12,naive_retry,0,no_outage,42,5395906353963648371,intent,full,0,same-node,edge-a,edge-a,0.0,True,0.5051826557580381,replan-dup-2,2,2,0,0,0,0,0,0.0
13,naive_retry,0,no_outage,42,6679330656813098539,intent,full,0,same-node,edge-a,edge-a,0.0,True,0.5051826557580381,replan-dup-2,2,2,0,0,0,0,0,0.0
14,naive_retry,0,no_outage,42,127052342326018953,intent,full,0,same-node,edge-a,edge-a,0.0,True,0.5051826557580381,replan-dup-2,2,2,0,0,0,0,0,0.0
15,naive_retry,0,no_outage,42,5831956561002521686,intent,full,0,same-node,edge-a,edge-a,0.0,True,0.5051826557580381,replan-dup-2,2,2,0,0,0,0,0,0.0
16,naive_retry,0,no_outage,42,2406240539150517371,intent,full,0,same-node,edge-a,edge-a,0.0,True,0.5051826557580381,replan-dup-2,2,2,0,0,0,0,0,0.0
17,naive_retry,0,no_outage,42,3093209162693453245,intent,full,0,same-node,edge-a,edge-a,0.0,True,0.5051826557580381,replan-dup-2,2,2,0,0,0,0,0,0.0
18,naive_retry,0,no_outage,42,4719464800140428728,intent,full,0,same-node,edge-a,edge-a,0.0,True,0.5051826557580381,replan-dup-2,2,2,0,0,0,0,0,0.0
19,naive_retry,0,no_outage,42,5976777388059991665,intent,full,0,same-node,edge-a,edge-a,0.0,True,0.5051826557580381,replan-dup-2,2,2,0,0,0,0,0,0.0
20,naive_retry,0,no_outage,42,5937833978577809804,intent,full,0,same-node,edge-a,edge-a,0.0,True,0.5051826557580381,replan-dup-2,2,2,0,0,0,0,0,0.0
21,naive_retry,0,no_outage,42,4310121555913197546,intent,full,0,same-node,edge-a,edge-a,0.0,True,0.5051826557580381,replan-dup-2,2,2,0,0,0,0,0,0.0
22,naive_retry,0,no_outage,42,1054772939703984325,intent,full,0,same-node,edge-a,edge-a,0.0,True,0.5051826557580381,replan-dup-2,2,2,0,0,0,0,0,0.0
23,naive_retry,0,no_outage,42,1012661865230956734,intent,full,0,same-node,edge-a,edge-a,0.0,True,0.5051826557580381,replan-dup-2,2,2,0,0,0,0,0,0.0
24,naive_retry,0,no_outage,42,2944087460718461064,intent,full,0,same-node,edge-a,edge-a,0.0,True,0.5051826557580381,replan-dup-2,2,2,0,0,0,0,0,0.0
25,naive_retry,0,no_outage,42,2600131967430203856,intent,full,0,same-node,edge-a,edge-a,0.0,True,0.5051826557580381,replan-dup-2,2,2,0,0,0,0,0,0.0
26,naive_retry,0,no_outage,42,1818164775831087962,intent,full,0,same-node,edge-a,edge-a,0.0,True,0.5051826557580381,replan-dup-2,2,2,0,0,0,0,0,0.0
27,naive_retry,0,no_outage,42,1747134178045978385,intent,full,0,same-node,edge-a,edge-a,0.0,True,0.5051826557580381,replan-dup-2,2,2,0,0,0,0,0,0.0
28,naive_retry,0,no_outage,42,6214224449722327468,intent,full,0,same-node,edge-a,edge-a,0.0,True,0.5051826557580381,replan-dup-2,2,2,0,0,0,0,0,0.0
29,naive_retry,0,no_outage,42,3693111445856886734,intent,full,0,same-node,edge-a,edge-a,0.0,True,0.5051826557580381,replan-dup-2,2,2,0,0,0,0,0,0.0
30,naive_retry,0,no_outage,42,2712530115223571237,intent,full,0,same-node,edge-a,edge-a,0.0,True,0.5051826557580381,replan-dup-2,2,2,0,0,0,0,0,0.0
31,naive_retry,0,no_outage,42,9001387079665679017,intent,full,0,same-node,edge-a,edge-a,0.0,True,0.5051826557580381,replan-dup-2,2,2,0,0,0,0,0,0.0
32,naive_retry,0,no_outage,42,8403681439586493046,intent,full,0,same-node,edge-a,edge-a,0.0,True,0.5051826557580381,replan-dup-2,2,2,0,0,0,0,0,0.0
33,naive_retry,0,no_outage,42,5973500082966852590,intent,full,0,same-node,edge-a,edge-a,0.0,True,0.5051826557580381,replan-dup-2,2,2,0,0,0,0,0,0.0
34,naive_retry,0,no_outage,42,2154771155602187417,intent,full,0,same-node,edge-a,edge-a,0.0,True,0.5051826557580381,replan-dup-2,2,2,0,0,0,0,0,0.0
35,naive_retry,0,no_outage,42,1201617493212837810,intent,full,0,same-node,edge-a,edge-a,0.0,True,0.5051826557580381,replan-dup-2,2,2,0,0,0,0,0,0.0
36,naive_retry,0,no_outage,42,8113600606757751618,intent,full,0,same-node,edge-a,edge-a,0.0,True,0.5051826557580381,replan-dup-2,2,2,0,0,0,0,0,0.0
37,naive_retry,0,no_outage,42,5966044130404079490,intent,full,0,same-node,edge-a,edge-a,0.0,True,0.5051826557580381,replan-dup-2,2,2,0,0,0,0,0,0.0
38,naive_retry,0,no_outage,42,5935153415243660632,intent,full,0,same-node,edge-a,edge-a,0.0,True,0.5051826557580381,replan-dup-2,2,2,0,0,0,0,0,0.0
39,naive_retry,0,no_outage,42,4904780358444023601,intent,full,0,same-node,edge-a,edge-a,0.0,True,0.5051826557580381,replan-dup-2,2,2,0,0,0,0,0,0.0
40,naive_retry,0,no_outage,42,2725303295019961959,intent,full,0,same-node,edge-a,edge-a,0.0,True,0.5051826557580381,replan-dup-2,2,2,0,0,0,0,0,0.0
41,naive_retry,0,no_outage,42,3385626455332600336,intent,full,0,same-node,edge-a,edge-a,0.0,True,0.5051826557580381,replan-dup-2,2,2,0,0,0,0,0,0.0
42,naive_retry,0,no_outage,42,6807066737933693402,intent,full,0,same-node,edge-a,edge-a,0.0,True,0.5051826557580381,replan-dup-2,2,2,0,0,0,0,0,0.0
43,naive_retry,0,no_outage,42,3818508072426707307,intent,full,0,same-node,edge-a,edge-a,0.0,True,0.5051826557580381,replan-dup-2,2,2,0,0,0,0,0,0.0
44,naive_retry,0,no_outage,42,5989935605830978328,intent,full,0,same-node,edge-a,edge-a,0.0,True,0.5051826557580381,replan-dup-2,2,2,0,0,0,0,0,0.0
45,naive_retry,0,no_outage,42,5043517921792099557,intent,full,0,same-node,edge-a,edge-a,0.0,True,0.5051826557580381,replan-dup-2,2,2,0,0,0,0,0,0.0
46,naive_retry,0,no_outage,42,8689701576347510619,intent,full,0,same-node,edge-a,edge-a,0.0,True,0.5051826557580381,replan-dup-2,2,2,0,0,0,0,0,0.0
47,naive_retry,0,no_outage,42,7826638887866958190,intent,full,0,same-node,edge-a,edge-a,0.0,True,0.5051826557580381,replan-dup-2,2,2,0,0,0,0,0,0.0
48,naive_retry,0,no_outage,42,7447679318209226253,intent,full,0,same-node,edge-a,edge-a,0.0,True,0.5051826557580381,replan-dup-2,2,2,0,0,0,0,0,0.0
49,naive_retry,0,no_outage,42,6558316221236358277,intent,full,0,same-node,edge-a,edge-a,0.0,True,0.5051826557580381,replan-dup-2,2,2,0,0,0,0,0,0.0
50,naive_retry,0,no_outage,42,1005527349787325974,intent,full,0,same-node,edge-a,edge-a,0.0,True,0.5051826557580381,replan-dup-2,2,2,0,0,0,0,0,0.0
51,naive_retry,0,no_outage,42,4418829669372179922,intent,full,0,same-node,edge-a,edge-a,0.0,True,0.5051826557580381,replan-dup-2,2,2,0,0,0,0,0,0.0
52,naive_retry,0,no_outage,42,9121429476892482875,intent,full,0,same-node,edge-a,edge-a,0.0,True,0.5051826557580381,replan-dup-2,2,2,0,0,0,0,0,0.0
53,naive_retry,0,no_outage,42,6065541902163522230,intent,full,0,same-node,edge-a,edge-a,0.0,True,0.5051826557580381,replan-dup-2,2,2,0,0,0,0,0,0.0
54,naive_retry,0,no_outage,42,429375924834288579,intent,full,0,same-node,edge-a,edge-a,0.0,True,0.5051826557580381,replan-dup-2,2,2,0,0,0,0,0,0.0
55,naive_retry,0,no_outage,42,2556152670291823007,intent,full,0,same-node,edge-a,edge-a,0.0,True,0.5051826557580381,replan-dup-2,2,2,0,0,0,0,0,0.0
56,naive_retry,0,no_outage,42,4189215745574074056,intent,full,0,same-node,edge-a,edge-a,0.0,True,0.5051826557580381,replan-dup-2,2,2,0,0,0,0,0,0.0
57,naive_retry,0,no_outage,42,3972421553741905788,intent,full,0,same-node,edge-a,edge-a,0.0,True,0.5051826557580381,replan-dup-2,2,2,0,0,0,0,0,0.0
58,naive_retry,0,no_outage,42,1159031312345461786,intent,full,0,same-node,edge-a,edge-a,0.0,True,0.5051826557580381,replan-dup-2,2,2,0,0,0,0,0,0.0
59,naive_retry,0,no_outage,42,8448815501995282720,intent,full,0,same-node,edge-a,edge-a,0.0,True,0.5051826557580381,replan-dup-2,2,2,0,0,0,0,0,0.0
60,naive_retry,0,no_outage,42,747365733318790196,intent,full,0,same-node,edge-a,edge-a,0.0,True,0.5051826557580381,replan-dup-2,2,2,0,0,0,0,0,0.0
61,naive_retry,0,no_outage,42,7785832875722347445,intent,full,0,same-node,edge-a,edge-a,0.0,True,0.5051826557580381,replan-dup-2,2,2,0,0,0,0,0,0.0
62,naive_retry,0,no_outage,42,7988837104097118581,intent,full,0,same-node,edge-a,edge-a,0.0,True,0.5051826557580381,replan-dup-2,2,2,0,0,0,0,0,0.0
63,naive_retry,0,no_outage,42,9082657693493068995,intent,full,0,same-node,edge-a,edge-a,0.0,True,0.5051826557580381,replan-dup-2,2,2,0,0,0,0,0,0.0
64,naive_retry,0,no_outage,42,6569846002372837778,intent,full,0,same-node,edge-a,edge-a,0.0,True,0.5051826557580381,replan-dup-2,2,2,0,0,0,0,0,0.0
65,naive_retry,0,no_outage,42,2572857205270993142,intent,full,0,same-node,edge-a,edge-a,0.0,True,0.5051826557580381,replan-dup-2,2,2,0,0,0,0,0,0.0
66,naive_retry,0,no_outage,42,2287254369593221830,intent,full,0,same-node,edge-a,edge-a,0.0,True,0.5051826557580381,replan-dup-2,2,2,0,0,0,0,0,0.0
67,naive_retry,0,no_outage,42,1025144477875419389,intent,full,0,same-node,edge-a,edge-a,0.0,True,0.5051826557580381,replan-dup-2,2,2,0,0,0,0,0,0.0
68,naive_retry,0,no_outage,42,8285739218419397076,intent,full,0,same-node,edge-a,edge-a,0.0,True,0.5051826557580381,replan-dup-2,2,2,0,0,0,0,0,0.0
69,naive_retry,0,no_outage,42,2802128407278775573,intent,full,0,same-node,edge-a,edge-a,0.0,True,0.5051826557580381,replan-dup-2,2,2,0,0,0,0,0,0.0
70,naive_retry,0,no_outage,42,4898574429683192988,intent,full,0,same-node,edge-a,edge-a,0.0,True,0.5051826557580381,replan-dup-2,2,2,0,0,0,0,0,0.0
71,naive_retry,0,no_outage,42,5486520457972949400,intent,full,0,same-node,edge-a,edge-a,0.0,True,0.5051826557580381,replan-dup-2,2,2,0,0,0,0,0,0.0
72,naive_retry,0,no_outage,42,4771737789448921926,intent,full,0,same-node,edge-a,edge-a,0.0,True,0.5051826557580381,replan-dup-2,2,2,0,0,0,0,0,0.0
73,naive_retry,0,no_outage,42,7998402855256794868,intent,full,0,same-node,edge-a,edge-a,0.0,True,0.5051826557580381,replan-dup-2,2,2,0,0,0,0,0,0.0
74,naive_retry,0,no_outage,42,1412857309677433859,intent,full,0,same-node,edge-a,edge-a,0.0,True,0.5051826557580381,replan-dup-2,2,2,0,0,0,0,0,0.0
75,naive_retry,0,no_outage,42,4518595104866992567,intent,full,0,same-node,edge-a,edge-a,0.0,True,0.5051826557580381,replan-dup-2,2,2,0,0,0,0,0,0.0
76,naive_retry,0,no_outage,42,5369191622692269281,intent,full,0,same-node,edge-a,edge-a,0.0,True,0.5051826557580381,replan-dup-2,2,2,0,0,0,0,0,0.0
77,naive_retry,0,no_outage,42,2894238572990432574,intent,full,0,same-node,edge-a,edge-a,0.0,True,0.5051826557580381,replan-dup-2,2,2,0,0,0,0,0,0.0
78,naive_retry,0,no_outage,42,2251225897168200791,intent,full,0,same-node,edge-a,edge-a,0.0,True,0.5051826557580381,replan-dup-2,2,2,0,0,0,0,0,0.0
79,naive_retry,0,no_outage,42,1186167116651723447,intent,full,0,same-node,edge-a,edge-a,0.0,True,0.5051826557580381,replan-dup-2,2,2,0,0,0,0,0,0.0
80,naive_retry,0,no_outage,42,2281948095122257606,intent,full,0,same-node,edge-a,edge-a,0.0,True,0.5051826557580381,replan-dup-2,2,2,0,0,0,0,0,0.0
81,naive_retry,0,no_outage,42,5102053413661800397,intent,full,0,same-node,edge-a,edge-a,0.0,True,0.5051826557580381,replan-dup-2,2,2,0,0,0,0,0,0.0
82,naive_retry,0,no_outage,42,9130472070230523553,intent,full,0,same-node,edge-a,edge-a,0.0,True,0.5051826557580381,replan-dup-2,2,2,0,0,0,0,0,0.0
83,naive_retry,0,no_outage,42,7012147805155193450,intent,full,0,same-node,edge-a,edge-a,0.0,True,0.5051826557580381,replan-dup-2,2,2,0,0,0,0,0,0.0
84,naive_retry,0,no_outage,42,9131498208383967434,intent,full,0,same-node,edge-a,edge-a,0.0,True,0.5051826557580381,replan-dup-2,2,2,0,0,0,0,0,0.0
85,naive_retry,0,no_outage,42,2301057450468410108,intent,full,0,same-node,edge-a,edge-a,0.0,True,0.5051826557580381,replan-dup-2,2,2,0,0,0,0,0,0.0
86,naive_retry,0,no_outage,42,7167544715649825602,intent,full,0,same-node,edge-a,edge-a,0.0,True,0.5051826557580381,replan-dup-2,2,2,0,0,0,0,0,0.0
87,naive_retry,0,no_outage,42,384954313182883225,intent,full,0,same-node,edge-a,edge-a,0.0,True,0.5051826557580381,replan-dup-2,2,2,0,0,0,0,0,0.0
88,naive_retry,0,no_outage,42,6619873378834568010,intent,full,0,same-node,edge-a,edge-a,0.0,True,0.5051826557580381,replan-dup-2,2,2,0,0,0,0,0,0.0
89,naive_retry,0,no_outage,42,8132479028989398053,intent,full,0,same-node,edge-a,edge-a,0.0,True,0.5051826557580381,replan-dup-2,2,2,0,0,0,0,0,0.0
90,naive_retry,0,no_outage,42,5439484113141281373,intent,full,0,same-node,edge-a,edge-a,0.0,True,0.5051826557580381,replan-dup-2,2,2,0,0,0,0,0,0.0
91,naive_retry,0,no_outage,42,249951595878542640,intent,full,0,same-node,edge-a,edge-a,0.0,True,0.5051826557580381,replan-dup-2,2,2,0,0,0,0,0,0.0
92,naive_retry,0,no_outage,42,7094622479203086091,intent,full,0,same-node,edge-a,edge-a,0.0,True,0.5051826557580381,replan-dup-2,2,2,0,0,0,0,0,0.0
93,naive_retry,0,no_outage,42,4210106790776938604,intent,full,0,same-node,edge-a,edge-a,0.0,True,0.5051826557580381,replan-dup-2,2,2,0,0,0,0,0,0.0
94,naive_retry,0,no_outage,42,7726760317642314978,intent,full,0,same-node,edge-a,edge-a,0.0,True,0.5051826557580381,replan-dup-2,2,2,0,0,0,0,0,0.0
95,naive_retry,0,no_outage,42,2343254677673292041,intent,full,0,same-node,edge-a,edge-a,0.0,True,0.5051826557580381,replan-dup-2,2,2,0,0,0,0,0,0.0
96,naive_retry,0,no_outage,42,7515396396027429470,intent,full,0,same-node,edge-a,edge-a,0.0,True,0.5051826557580381,replan-dup-2,2,2,0,0,0,0,0,0.0
97,naive_retry,0,no_outage,42,119372009757490146,intent,full,0,same-node,edge-a,edge-a,0.0,True,0.5051826557580381,replan-dup-2,2,2,0,0,0,0,0,0.0
98,naive_retry,0,no_outage,42,2652774221603588899,intent,full,0,same-node,edge-a,edge-a,0.0,True,0.5051826557580381,replan-dup-2,2,2,0,0,0,0,0,0.0
99,naive_retry,0,no_outage,42,622129338587227133,intent,full,0,same-node,edge-a,edge-a,0.0,True,0.5051826557580381,replan-dup-2,2,2,0,0,0,0,0,0.0
0,naive_retry,10,short_outage,42,2866848081352539021,intent,full,0,same-node,edge-a,edge-a,0.0,True,0.5051826557580381,replan-dup-2,2,2,0,0,0,0,0,0.0
1,naive_retry,10,short_outage,42,6810387037046929678,intent,full,0,same-node,edge-a,edge-a,0.0,True,0.5051826557580381,replan-dup-2,2,2,0,0,0,0,0,0.0
2,naive_retry,10,short_outage,42,3540158274263946312,intent,full,0,same-node,edge-a,edge-a,0.0,True,0.5051826557580381,replan-dup-2,2,2,0,0,0,0,0,0.0
3,naive_retry,10,short_outage,42,7198913053273608077,intent,full,0,same-node,edge-a,edge-a,0.0,True,0.5051826557580381,replan-dup-2,2,2,0,0,0,0,0,0.0
4,naive_retry,10,short_outage,42,3673532801655153964,intent,full,0,same-node,edge-a,edge-a,0.0,True,0.5051826557580381,replan-dup-2,2,2,0,0,0,0,0,0.0
5,naive_retry,10,short_outage,42,7773828098959418987,intent,full,0,same-node,edge-a,edge-a,0.0,True,0.5051826557580381,replan-dup-2,2,2,0,0,0,0,0,0.0
6,naive_retry,10,short_outage,42,2369480414972358074,intent,full,0,same-node,edge-a,edge-a,0.0,True,0.5051826557580381,replan-dup-2,2,2,0,0,0,0,0,0.0
7,naive_retry,10,short_outage,42,8693433459576724539,intent,full,0,same-node,edge-a,edge-a,0.0,True,0.5051826557580381,replan-dup-2,2,2,0,0,0,0,0,0.0
8,naive_retry,10,short_outage,42,6939879708836098551,intent,full,0,same-node,edge-a,edge-a,0.0,True,0.5051826557580381,replan-dup-2,2,2,0,0,0,0,0,0.0
9,naive_retry,10,short_outage,42,8031783755220023996,intent,full,0,same-node,edge-a,edge-a,0.0,True,0.5051826557580381,replan-dup-2,2,2,0,0,0,0,0,0.0
10,naive_retry,10,short_outage,42,3060289885736482680,intent,full,0,same-node,edge-a,edge-a,0.0,True,0.5051826557580381,replan-dup-2,2,2,0,0,0,0,0,0.0
11,naive_retry,10,short_outage,42,8815368483239951628,intent,full,0,same-node,edge-a,edge-a,0.0,True,0.5051826557580381,replan-dup-2,2,2,0,0,0,0,0,0.0
12,naive_retry,10,short_outage,42,8708391373953688283,intent,full,0,same-node,edge-a,edge-a,0.0,True,0.5051826557580381,replan-dup-2,2,2,0,0,0,0,0,0.0
13,naive_retry,10,short_outage,42,4012483013080891638,intent,full,0,same-node,edge-a,edge-a,0.0,True,0.5051826557580381,replan-dup-2,2,2,0,0,0,0,0,0.0
14,naive_retry,10,short_outage,42,5225252411284492836,intent,full,0,same-node,edge-a,edge-a,0.0,True,0.5051826557580381,replan-dup-2,2,2,0,0,0,0,0,0.0
15,naive_retry,10,short_outage,42,3624709530837727760,intent,full,0,same-node,edge-a,edge-a,0.0,True,0.5051826557580381,replan-dup-2,2,2,0,0,0,0,0,0.0
16,naive_retry,10,short_outage,42,832426567838653260,intent,full,0,same-node,edge-a,edge-a,0.0,True,0.5051826557580381,replan-dup-2,2,2,0,0,0,0,0,0.0
17,naive_retry,10,short_outage,42,1810816034321876074,intent,full,0,same-node,edge-a,edge-a,0.0,True,0.5051826557580381,replan-dup-2,2,2,0,0,0,0,0,0.0
18,naive_retry,10,short_outage,42,8346248459228596372,intent,full,0,same-node,edge-a,edge-a,0.0,True,0.5051826557580381,replan-dup-2,2,2,0,0,0,0,0,0.0
19,naive_retry,10,short_outage,42,764209554830437053,intent,full,0,same-node,edge-a,edge-a,0.0,True,0.5051826557580381,replan-dup-2,2,2,0,0,0,0,0,0.0
20,naive_retry,10,short_outage,42,766796477063335087,intent,full,0,same-node,edge-a,edge-a,0.0,True,0.5051826557580381,replan-dup-2,2,2,0,0,0,0,0,0.0
21,naive_retry,10,short_outage,42,6632237769977103553,intent,full,0,same-node,edge-a,edge-a,0.0,True,0.5051826557580381,replan-dup-2,2,2,0,0,0,0,0,0.0
22,naive_retry,10,short_outage,42,7549104624111403483,intent,full,0,same-node,edge-a,edge-a,0.0,True,0.5051826557580381,replan-dup-2,2,2,0,0,0,0,0,0.0
23,naive_retry,10,short_outage,42,4919296253813452763,intent,full,0,same-node,edge-a,edge-a,0.0,True,0.5051826557580381,replan-dup-2,2,2,0,0,0,0,0,0.0
24,naive_retry,10,short_outage,42,2953350425130853295,intent,full,0,same-node,edge-a,edge-a,0.0,True,0.5051826557580381,replan-dup-2,2,2,0,0,0,0,0,0.0
25,naive_retry,10,short_outage,42,6268219401365374491,intent,full,0,same-node,edge-a,edge-a,0.0,True,0.5051826557580381,replan-dup-2,2,2,0,0,0,0,0,0.0
26,naive_retry,10,short_outage,42,1192996962580678662,intent,full,0,same-node,edge-a,edge-a,0.0,True,0.5051826557580381,replan-dup-2,2,2,0,0,0,0,0,0.0
27,naive_retry,10,short_outage,42,7061571591602577880,intent,full,0,same-node,edge-a,edge-a,0.0,True,0.5051826557580381,replan-dup-2,2,2,0,0,0,0,0,0.0
28,naive_retry,10,short_outage,42,4661522025680686527,intent,full,0,same-node,edge-a,edge-a,0.0,True,0.5051826557580381,replan-dup-2,2,2,0,0,0,0,0,0.0
29,naive_retry,10,short_outage,42,1586425572389416189,intent,full,0,same-node,edge-a,edge-a,0.0,True,0.5051826557580381,replan-dup-2,2,2,0,0,0,0,0,0.0
30,naive_retry,10,short_outage,42,4069056536541060144,intent,full,0,same-node,edge-a,edge-a,0.0,True,0.5051826557580381,replan-dup-2,2,2,0,0,0,0,0,0.0
31,naive_retry,10,short_outage,42,2023016563583942892,intent,full,0,same-node,edge-a,edge-a,0.0,True,0.5051826557580381,replan-dup-2,2,2,0,0,0,0,0,0.0
32,naive_retry,10,short_outage,42,3838548320516840444,intent,full,0,same-node,edge-a,edge-a,0.0,True,0.5051826557580381,replan-dup-2,2,2,0,0,0,0,0,0.0
33,naive_retry,10,short_outage,42,5729761747584674291,intent,full,0,same-node,edge-a,edge-a,0.0,True,0.5051826557580381,replan-dup-2,2,2,0,0,0,0,0,0.0
34,naive_retry,10,short_outage,42,6583399740449207980,intent,full,0,same-node,edge-a,edge-a,0.0,True,0.5051826557580381,replan-dup-2,2,2,0,0,0,0,0,0.0
35,naive_retry,10,short_outage,42,6444120311469237824,intent,full,0,same-node,edge-a,edge-a,0.0,True,0.5051826557580381,replan-dup-2,2,2,0,0,0,0,0,0.0
36,naive_retry,10,short_outage,42,3673902961571146445,intent,full,0,same-node,edge-a,edge-a,0.0,True,0.5051826557580381,replan-dup-2,2,2,0,0,0,0,0,0.0
37,naive_retry,10,short_outage,42,366341592172424237,intent,full,0,same-node,edge-a,edge-a,0.0,True,0.5051826557580381,replan-dup-2,2,2,0,0,0,0,0,0.0
38,naive_retry,10,short_outage,42,5375078565477062151,intent,full,0,same-node,edge-a,edge-a,0.0,True,0.5051826557580381,replan-dup-2,2,2,0,0,0,0,0,0.0
39,naive_retry,10,short_outage,42,8766708580110675636,intent,full,0,same-node,edge-a,edge-a,0.0,True,0.5051826557580381,replan-dup-2,2,2,0,0,0,0,0,0.0
40,naive_retry,10,short_outage,42,94367508583359481,intent,full,0,same-node,edge-a,edge-a,0.0,True,0.5051826557580381,replan-dup-2,2,2,0,0,0,0,0,0.0
41,naive_retry,10,short_outage,42,4799166414455305222,intent,full,0,same-node,edge-a,edge-a,0.0,True,0.5051826557580381,replan-dup-2,2,2,0,0,0,0,0,0.0
42,naive_retry,10,short_outage,42,2092804875272821605,intent,full,0,same-node,edge-a,edge-a,0.0,True,0.5051826557580381,replan-dup-2,2,2,0,0,0,0,0,0.0
43,naive_retry,10,short_outage,42,1463328021399313735,intent,full,0,same-node,edge-a,edge-a,0.0,True,0.5051826557580381,replan-dup-2,2,2,0,0,0,0,0,0.0
44,naive_retry,10,short_outage,42,7095494484881429490,intent,full,0,same-node,edge-a,edge-a,0.0,True,0.5051826557580381,replan-dup-2,2,2,0,0,0,0,0,0.0
45,naive_retry,10,short_outage,42,5544010845816226267,intent,full,0,same-node,edge-a,edge-a,0.0,True,0.5051826557580381,replan-dup-2,2,2,0,0,0,0,0,0.0
46,naive_retry,10,short_outage,42,6595782991844681488,intent,full,0,same-node,edge-a,edge-a,0.0,True,0.5051826557580381,replan-dup-2,2,2,0,0,0,0,0,0.0
47,naive_retry,10,short_outage,42,1603931608100487468,intent,full,0,same-node,edge-a,edge-a,0.0,True,0.5051826557580381,replan-dup-2,2,2,0,0,0,0,0,0.0
48,naive_retry,10,short_outage,42,2481043784423175563,intent,full,0,same-node,edge-a,edge-a,0.0,True,0.5051826557580381,replan-dup-2,2,2,0,0,0,0,0,0.0
49,naive_retry,10,short_outage,42,5087490482320456846,intent,full,0,same-node,edge-a,edge-a,0.0,True,0.5051826557580381,replan-dup-2,2,2,0,0,0,0,0,0.0
50,naive_retry,10,short_outage,42,4863147287160789006,intent,full,0,same-node,edge-a,edge-a,0.0,True,0.5051826557580381,replan-dup-2,2,2,0,0,0,0,0,0.0
51,naive_retry,10,short_outage,42,1720780122206383341,intent,full,0,same-node,edge-a,edge-a,0.0,True,0.5051826557580381,replan-dup-2,2,2,0,0,0,0,0,0.0
52,naive_retry,10,short_outage,42,9055115686736857732,intent,full,0,same-node,edge-a,edge-a,0.0,True,0.5051826557580381,replan-dup-2,2,2,0,0,0,0,0,0.0
53,naive_retry,10,short_outage,42,4206652024388481717,intent,full,0,same-node,edge-a,edge-a,0.0,True,0.5051826557580381,replan-dup-2,2,2,0,0,0,0,0,0.0
54,naive_retry,10,short_outage,42,5699040023593366468,intent,full,0,same-node,edge-a,edge-a,0.0,True,0.5051826557580381,replan-dup-2,2,2,0,0,0,0,0,0.0
55,naive_retry,10,short_outage,42,2832079429857142087,intent,full,0,same-node,edge-a,edge-a,0.0,True,0.5051826557580381,replan-dup-2,2,2,0,0,0,0,0,0.0
56,naive_retry,10,short_outage,42,4962710736984065098,intent,full,0,same-node,edge-a,edge-a,0.0,True,0.5051826557580381,replan-dup-2,2,2,0,0,0,0,0,0.0
57,naive_retry,10,short_outage,42,6308825818009944834,intent,full,0,same-node,edge-a,edge-a,0.0,True,0.5051826557580381,replan-dup-2,2,2,0,0,0,0,0,0.0
58,naive_retry,10,short_outage,42,4003429142271407679,intent,full,0,same-node,edge-a,edge-a,0.0,True,0.5051826557580381,replan-dup-2,2,2,0,0,0,0,0,0.0
59,naive_retry,10,short_outage,42,6677296508096240582,intent,full,0,same-node,edge-a,edge-a,0.0,True,0.5051826557580381,replan-dup-2,2,2,0,0,0,0,0,0.0
60,naive_retry,10,short_outage,42,3559504509913690404,intent,full,0,same-node,edge-a,edge-a,0.0,True,0.5051826557580381,replan-dup-2,2,2,0,0,0,0,0,0.0
61,naive_retry,10,short_outage,42,6445666681503676895,intent,full,0,same-node,edge-a,edge-a,0.0,True,0.5051826557580381,replan-dup-2,2,2,0,0,0,0,0,0.0
62,naive_retry,10,short_outage,42,7451366952677784785,intent,full,0,same-node,edge-a,edge-a,0.0,True,0.5051826557580381,replan-dup-2,2,2,0,0,0,0,0,0.0
63,naive_retry,10,short_outage,42,3030598972393068913,intent,full,0,same-node,edge-a,edge-a,0.0,True,0.5051826557580381,replan-dup-2,2,2,0,0,0,0,0,0.0
64,naive_retry,10,short_outage,42,7403553107828140756,intent,full,0,same-node,edge-a,edge-a,0.0,True,0.5051826557580381,replan-dup-2,2,2,0,0,0,0,0,0.0
65,naive_retry,10,short_outage,42,3851828977038475179,intent,full,0,same-node,edge-a,edge-a,0.0,True,0.5051826557580381,replan-dup-2,2,2,0,0,0,0,0,0.0
66,naive_retry,10,short_outage,42,820090618384527829,intent,full,0,same-node,edge-a,edge-a,0.0,True,0.5051826557580381,replan-dup-2,2,2,0,0,0,0,0,0.0
67,naive_retry,10,short_outage,42,7035530598053288579,intent,full,0,same-node,edge-a,edge-a,0.0,True,0.5051826557580381,replan-dup-2,2,2,0,0,0,0,0,0.0
68,naive_retry,10,short_outage,42,4375127174450471946,intent,full,0,same-node,edge-a,edge-a,0.0,True,0.5051826557580381,replan-dup-2,2,2,0,0,0,0,0,0.0
69,naive_retry,10,short_outage,42,7050324960581693978,intent,full,0,same-node,edge-a,edge-a,0.0,True,0.5051826557580381,replan-dup-2,2,2,0,0,0,0,0,0.0
70,naive_retry,10,short_outage,42,5647856098270751307,intent,full,0,same-node,edge-a,edge-a,0.0,True,0.5051826557580381,replan-dup-2,2,2,0,0,0,0,0,0.0
71,naive_retry,10,short_outage,42,4690579013805652993,intent,full,0,same-node,edge-a,edge-a,0.0,True,0.5051826557580381,replan-dup-2,2,2,0,0,0,0,0,0.0
72,naive_retry,10,short_outage,42,6483781912150592416,intent,full,0,same-node,edge-a,edge-a,0.0,True,0.5051826557580381,replan-dup-2,2,2,0,0,0,0,0,0.0
73,naive_retry,10,short_outage,42,705418521360158430,intent,full,0,same-node,edge-a,edge-a,0.0,True,0.5051826557580381,replan-dup-2,2,2,0,0,0,0,0,0.0
74,naive_retry,10,short_outage,42,3609787891066818412,intent,full,0,same-node,edge-a,edge-a,0.0,True,0.5051826557580381,replan-dup-2,2,2,0,0,0,0,0,0.0
75,naive_retry,10,short_outage,42,1490140112993657862,intent,full,0,same-node,edge-a,edge-a,0.0,True,0.5051826557580381,replan-dup-2,2,2,0,0,0,0,0,0.0
76,naive_retry,10,short_outage,42,7165336325283270685,intent,full,0,same-node,edge-a,edge-a,0.0,True,0.5051826557580381,replan-dup-2,2,2,0,0,0,0,0,0.0
77,naive_retry,10,short_outage,42,7101285376012795287,intent,full,0,same-node,edge-a,edge-a,0.0,True,0.5051826557580381,replan-dup-2,2,2,0,0,0,0,0,0.0
78,naive_retry,10,short_outage,42,8609264404705388874,intent,full,0,same-node,edge-a,edge-a,0.0,True,0.5051826557580381,replan-dup-2,2,2,0,0,0,0,0,0.0
79,naive_retry,10,short_outage,42,6107609275818171037,intent,full,0,same-node,edge-a,edge-a,0.0,True,0.5051826557580381,replan-dup-2,2,2,0,0,0,0,0,0.0
80,naive_retry,10,short_outage,42,1262696023543326219,intent,full,0,same-node,edge-a,edge-a,0.0,True,0.5051826557580381,replan-dup-2,2,2,0,0,0,0,0,0.0
81,naive_retry,10,short_outage,42,1998363875507658966,intent,full,0,same-node,edge-a,edge-a,0.0,True,0.5051826557580381,replan-dup-2,2,2,0,0,0,0,0,0.0
82,naive_retry,10,short_outage,42,2814623215817275374,intent,full,0,same-node,edge-a,edge-a,0.0,True,0.5051826557580381,replan-dup-2,2,2,0,0,0,0,0,0.0
83,naive_retry,10,short_outage,42,2918722363399703336,intent,full,0,same-node,edge-a,edge-a,0.0,True,0.5051826557580381,replan-dup-2,2,2,0,0,0,0,0,0.0
84,naive_retry,10,short_outage,42,5327829468436246792,intent,full,0,same-node,edge-a,edge-a,0.0,True,0.5051826557580381,replan-dup-2,2,2,0,0,0,0,0,0.0
85,naive_retry,10,short_outage,42,5592111211564772359,intent,full,0,same-node,edge-a,edge-a,0.0,True,0.5051826557580381,replan-dup-2,2,2,0,0,0,0,0,0.0
86,naive_retry,10,short_outage,42,5947605718153175307,intent,full,0,same-node,edge-a,edge-a,0.0,True,0.5051826557580381,replan-dup-2,2,2,0,0,0,0,0,0.0
87,naive_retry,10,short_outage,42,8277002051985126347,intent,full,0,same-node,edge-a,edge-a,0.0,True,0.5051826557580381,replan-dup-2,2,2,0,0,0,0,0,0.0
88,naive_retry,10,short_outage,42,823372051270629629,intent,full,0,same-node,edge-a,edge-a,0.0,True,0.5051826557580381,replan-dup-2,2,2,0,0,0,0,0,0.0
89,naive_retry,10,short_outage,42,7507489667887259758,intent,full,0,same-node,edge-a,edge-a,0.0,True,0.5051826557580381,replan-dup-2,2,2,0,0,0,0,0,0.0
90,naive_retry,10,short_outage,42,1840161736764390109,intent,full,0,same-node,edge-a,edge-a,0.0,True,0.5051826557580381,replan-dup-2,2,2,0,0,0,0,0,0.0
91,naive_retry,10,short_outage,42,6283028294020656675,intent,full,0,same-node,edge-a,edge-a,0.0,True,0.5051826557580381,replan-dup-2,2,2,0,0,0,0,0,0.0
92,naive_retry,10,short_outage,42,6370231232197300451,intent,full,0,same-node,edge-a,edge-a,0.0,True,0.5051826557580381,replan-dup-2,2,2,0,0,0,0,0,0.0
93,naive_retry,10,short_outage,42,1953717753887566479,intent,full,0,same-node,edge-a,edge-a,0.0,True,0.5051826557580381,replan-dup-2,2,2,0,0,0,0,0,0.0
94,naive_retry,10,short_outage,42,9107552940794804130,intent,full,0,same-node,edge-a,edge-a,0.0,True,0.5051826557580381,replan-dup-2,2,2,0,0,0,0,0,0.0
95,naive_retry,10,short_outage,42,6253640895645937984,intent,full,0,same-node,edge-a,edge-a,0.0,True,0.5051826557580381,replan-dup-2,2,2,0,0,0,0,0,0.0
96,naive_retry,10,short_outage,42,6185402163307604049,intent,full,0,same-node,edge-a,edge-a,0.0,True,0.5051826557580381,replan-dup-2,2,2,0,0,0,0,0,0.0
97,naive_retry,10,short_outage,42,7385273235062861320,intent,full,0,same-node,edge-a,edge-a,0.0,True,0.5051826557580381,replan-dup-2,2,2,0,0,0,0,0,0.0
98,naive_retry,10,short_outage,42,8890687062402327644,intent,full,0,same-node,edge-a,edge-a,0.0,True,0.5051826557580381,replan-dup-2,2,2,0,0,0,0,0,0.0
99,naive_retry,10,short_outage,42,8854764881528056953,intent,full,0,same-node,edge-a,edge-a,0.0,True,0.5051826557580381,replan-dup-2,2,2,0,0,0,0,0,0.0
0,naive_retry,90,baseline,42,5286974701245712642,intent,full,0,same-node,edge-a,edge-a,0.0,True,0.5051826557580381,replan-dup-2,2,2,0,1,0,0,1,0.5
1,naive_retry,90,baseline,42,7524411210175344709,intent,full,0,same-node,edge-a,edge-a,0.0,True,0.5051826557580381,replan-dup-2,2,2,0,1,0,0,1,0.5
2,naive_retry,90,baseline,42,423789331532761201,intent,full,0,same-node,edge-a,edge-a,0.0,True,0.5051826557580381,replan-dup-2,2,2,0,1,0,0,1,0.5
3,naive_retry,90,baseline,42,4038685340169020913,intent,full,0,same-node,edge-a,edge-a,0.0,True,0.5051826557580381,replan-dup-2,2,2,0,1,0,0,1,0.5
4,naive_retry,90,baseline,42,4770430086760501180,intent,full,0,same-node,edge-a,edge-a,0.0,True,0.5051826557580381,replan-dup-2,2,2,0,1,0,0,1,0.5
5,naive_retry,90,baseline,42,9154172784095814494,intent,full,0,same-node,edge-a,edge-a,0.0,True,0.5051826557580381,replan-dup-2,2,2,0,1,0,0,1,0.5
6,naive_retry,90,baseline,42,1359256250720467996,intent,full,0,same-node,edge-a,edge-a,0.0,True,0.5051826557580381,replan-dup-2,2,2,0,1,0,0,1,0.5
7,naive_retry,90,baseline,42,2026616354249217297,intent,full,0,same-node,edge-a,edge-a,0.0,True,0.5051826557580381,replan-dup-2,2,2,0,1,0,0,1,0.5
8,naive_retry,90,baseline,42,3565272038334920704,intent,full,0,same-node,edge-a,edge-a,0.0,True,0.5051826557580381,replan-dup-2,2,2,0,1,0,0,1,0.5
9,naive_retry,90,baseline,42,8267608201703512126,intent,full,0,same-node,edge-a,edge-a,0.0,True,0.5051826557580381,replan-dup-2,2,2,0,1,0,0,1,0.5
10,naive_retry,90,baseline,42,2407784652552883658,intent,full,0,same-node,edge-a,edge-a,0.0,True,0.5051826557580381,replan-dup-2,2,2,0,1,0,0,1,0.5
11,naive_retry,90,baseline,42,5298944082297602630,intent,full,0,same-node,edge-a,edge-a,0.0,True,0.5051826557580381,replan-dup-2,2,2,0,1,0,0,1,0.5
12,naive_retry,90,baseline,42,4071213355387785292,intent,full,0,same-node,edge-a,edge-a,0.0,True,0.5051826557580381,replan-dup-2,2,2,0,1,0,0,1,0.5
13,naive_retry,90,baseline,42,6239549333415128735,intent,full,0,same-node,edge-a,edge-a,0.0,True,0.5051826557580381,replan-dup-2,2,2,0,1,0,0,1,0.5
14,naive_retry,90,baseline,42,7915761054795134720,intent,full,0,same-node,edge-a,edge-a,0.0,True,0.5051826557580381,replan-dup-2,2,2,0,1,0,0,1,0.5
15,naive_retry,90,baseline,42,8947650007199283065,intent,full,0,same-node,edge-a,edge-a,0.0,True,0.5051826557580381,replan-dup-2,2,2,0,1,0,0,1,0.5
16,naive_retry,90,baseline,42,8870536696326443949,intent,full,0,same-node,edge-a,edge-a,0.0,True,0.5051826557580381,replan-dup-2,2,2,0,1,0,0,1,0.5
17,naive_retry,90,baseline,42,5695151236455859230,intent,full,0,same-node,edge-a,edge-a,0.0,True,0.5051826557580381,replan-dup-2,2,2,0,1,0,0,1,0.5
18,naive_retry,90,baseline,42,6554621685859888089,intent,full,0,same-node,edge-a,edge-a,0.0,True,0.5051826557580381,replan-dup-2,2,2,0,1,0,0,1,0.5
19,naive_retry,90,baseline,42,4559269686293070768,intent,full,0,same-node,edge-a,edge-a,0.0,True,0.5051826557580381,replan-dup-2,2,2,0,1,0,0,1,0.5
20,naive_retry,90,baseline,42,1083547077318794410,intent,full,0,same-node,edge-a,edge-a,0.0,True,0.5051826557580381,replan-dup-2,2,2,0,1,0,0,1,0.5
21,naive_retry,90,baseline,42,9184421854319482756,intent,full,0,same-node,edge-a,edge-a,0.0,True,0.5051826557580381,replan-dup-2,2,2,0,1,0,0,1,0.5
22,naive_retry,90,baseline,42,2262597334377381129,intent,full,0,same-node,edge-a,edge-a,0.0,True,0.5051826557580381,replan-dup-2,2,2,0,1,0,0,1,0.5
23,naive_retry,90,baseline,42,6273778336859811291,intent,full,0,same-node,edge-a,edge-a,0.0,True,0.5051826557580381,replan-dup-2,2,2,0,1,0,0,1,0.5
24,naive_retry,90,baseline,42,3838105242919599327,intent,full,0,same-node,edge-a,edge-a,0.0,True,0.5051826557580381,replan-dup-2,2,2,0,1,0,0,1,0.5
25,naive_retry,90,baseline,42,3051480250426202740,intent,full,0,same-node,edge-a,edge-a,0.0,True,0.5051826557580381,replan-dup-2,2,2,0,1,0,0,1,0.5
26,naive_retry,90,baseline,42,7948301337016786829,intent,full,0,same-node,edge-a,edge-a,0.0,True,0.5051826557580381,replan-dup-2,2,2,0,1,0,0,1,0.5
27,naive_retry,90,baseline,42,8936315611744776915,intent,full,0,same-node,edge-a,edge-a,0.0,True,0.5051826557580381,replan-dup-2,2,2,0,1,0,0,1,0.5
28,naive_retry,90,baseline,42,3022270640327329539,intent,full,0,same-node,edge-a,edge-a,0.0,True,0.5051826557580381,replan-dup-2,2,2,0,1,0,0,1,0.5
29,naive_retry,90,baseline,42,8401147152215906588,intent,full,0,same-node,edge-a,edge-a,0.0,True,0.5051826557580381,replan-dup-2,2,2,0,1,0,0,1,0.5
30,naive_retry,90,baseline,42,930306892018148340,intent,full,0,same-node,edge-a,edge-a,0.0,True,0.5051826557580381,replan-dup-2,2,2,0,1,0,0,1,0.5
31,naive_retry,90,baseline,42,727350593210522799,intent,full,0,same-node,edge-a,edge-a,0.0,True,0.5051826557580381,replan-dup-2,2,2,0,1,0,0,1,0.5
32,naive_retry,90,baseline,42,9223118810505847910,intent,full,0,same-node,edge-a,edge-a,0.0,True,0.5051826557580381,replan-dup-2,2,2,0,1,0,0,1,0.5
33,naive_retry,90,baseline,42,3688677452453799177,intent,full,0,same-node,edge-a,edge-a,0.0,True,0.5051826557580381,replan-dup-2,2,2,0,1,0,0,1,0.5
34,naive_retry,90,baseline,42,1996314140661056224,intent,full,0,same-node,edge-a,edge-a,0.0,True,0.5051826557580381,replan-dup-2,2,2,0,1,0,0,1,0.5
35,naive_retry,90,baseline,42,1687911356439948510,intent,full,0,same-node,edge-a,edge-a,0.0,True,0.5051826557580381,replan-dup-2,2,2,0,1,0,0,1,0.5
36,naive_retry,90,baseline,42,9164388419316082444,intent,full,0,same-node,edge-a,edge-a,0.0,True,0.5051826557580381,replan-dup-2,2,2,0,1,0,0,1,0.5
37,naive_retry,90,baseline,42,8264277355475453886,intent,full,0,same-node,edge-a,edge-a,0.0,True,0.5051826557580381,replan-dup-2,2,2,0,1,0,0,1,0.5
38,naive_retry,90,baseline,42,2798120782277710390,intent,full,0,same-node,edge-a,edge-a,0.0,True,0.5051826557580381,replan-dup-2,2,2,0,1,0,0,1,0.5
39,naive_retry,90,baseline,42,8837165685501721158,intent,full,0,same-node,edge-a,edge-a,0.0,True,0.5051826557580381,replan-dup-2,2,2,0,1,0,0,1,0.5
40,naive_retry,90,baseline,42,3873312846144146723,intent,full,0,same-node,edge-a,edge-a,0.0,True,0.5051826557580381,replan-dup-2,2,2,0,1,0,0,1,0.5
41,naive_retry,90,baseline,42,6047209976529483324,intent,full,0,same-node,edge-a,edge-a,0.0,True,0.5051826557580381,replan-dup-2,2,2,0,1,0,0,1,0.5
42,naive_retry,90,baseline,42,1281554823583258793,intent,full,0,same-node,edge-a,edge-a,0.0,True,0.5051826557580381,replan-dup-2,2,2,0,1,0,0,1,0.5
43,naive_retry,90,baseline,42,7477060737207811947,intent,full,0,same-node,edge-a,edge-a,0.0,True,0.5051826557580381,replan-dup-2,2,2,0,1,0,0,1,0.5
44,naive_retry,90,baseline,42,6056245605667881641,intent,full,0,same-node,edge-a,edge-a,0.0,True,0.5051826557580381,replan-dup-2,2,2,0,1,0,0,1,0.5
45,naive_retry,90,baseline,42,8337508531506090992,intent,full,0,same-node,edge-a,edge-a,0.0,True,0.5051826557580381,replan-dup-2,2,2,0,1,0,0,1,0.5
46,naive_retry,90,baseline,42,2362192940178180031,intent,full,0,same-node,edge-a,edge-a,0.0,True,0.5051826557580381,replan-dup-2,2,2,0,1,0,0,1,0.5
47,naive_retry,90,baseline,42,282999628369449308,intent,full,0,same-node,edge-a,edge-a,0.0,True,0.5051826557580381,replan-dup-2,2,2,0,1,0,0,1,0.5
48,naive_retry,90,baseline,42,1607125301338201889,intent,full,0,same-node,edge-a,edge-a,0.0,True,0.5051826557580381,replan-dup-2,2,2,0,1,0,0,1,0.5
49,naive_retry,90,baseline,42,6633316385694349450,intent,full,0,same-node,edge-a,edge-a,0.0,True,0.5051826557580381,replan-dup-2,2,2,0,1,0,0,1,0.5
50,naive_retry,90,baseline,42,6578671182259431582,intent,full,0,same-node,edge-a,edge-a,0.0,True,0.5051826557580381,replan-dup-2,2,2,0,1,0,0,1,0.5
51,naive_retry,90,baseline,42,7232095193935270336,intent,full,0,same-node,edge-a,edge-a,0.0,True,0.5051826557580381,replan-dup-2,2,2,0,1,0,0,1,0.5
52,naive_retry,90,baseline,42,8225836434289873075,intent,full,0,same-node,edge-a,edge-a,0.0,True,0.5051826557580381,replan-dup-2,2,2,0,1,0,0,1,0.5
53,naive_retry,90,baseline,42,8129013857798171683,intent,full,0,same-node,edge-a,edge-a,0.0,True,0.5051826557580381,replan-dup-2,2,2,0,1,0,0,1,0.5
54,naive_retry,90,baseline,42,633448631647191336,intent,full,0,same-node,edge-a,edge-a,0.0,True,0.5051826557580381,replan-dup-2,2,2,0,1,0,0,1,0.5
55,naive_retry,90,baseline,42,4299689569019646527,intent,full,0,same-node,edge-a,edge-a,0.0,True,0.5051826557580381,replan-dup-2,2,2,0,1,0,0,1,0.5
56,naive_retry,90,baseline,42,6353778658849504857,intent,full,0,same-node,edge-a,edge-a,0.0,True,0.5051826557580381,replan-dup-2,2,2,0,1,0,0,1,0.5
57,naive_retry,90,baseline,42,4776743206719213584,intent,full,0,same-node,edge-a,edge-a,0.0,True,0.5051826557580381,replan-dup-2,2,2,0,1,0,0,1,0.5
58,naive_retry,90,baseline,42,8627106528395539706,intent,full,0,same-node,edge-a,edge-a,0.0,True,0.5051826557580381,replan-dup-2,2,2,0,1,0,0,1,0.5
59,naive_retry,90,baseline,42,855568172466319884,intent,full,0,same-node,edge-a,edge-a,0.0,True,0.5051826557580381,replan-dup-2,2,2,0,1,0,0,1,0.5
60,naive_retry,90,baseline,42,3168600316373239012,intent,full,0,same-node,edge-a,edge-a,0.0,True,0.5051826557580381,replan-dup-2,2,2,0,1,0,0,1,0.5
61,naive_retry,90,baseline,42,4532747534131883012,intent,full,0,same-node,edge-a,edge-a,0.0,True,0.5051826557580381,replan-dup-2,2,2,0,1,0,0,1,0.5
62,naive_retry,90,baseline,42,3354719016483903364,intent,full,0,same-node,edge-a,edge-a,0.0,True,0.5051826557580381,replan-dup-2,2,2,0,1,0,0,1,0.5
63,naive_retry,90,baseline,42,5685390626130092082,intent,full,0,same-node,edge-a,edge-a,0.0,True,0.5051826557580381,replan-dup-2,2,2,0,1,0,0,1,0.5
64,naive_retry,90,baseline,42,4144665975689105498,intent,full,0,same-node,edge-a,edge-a,0.0,True,0.5051826557580381,replan-dup-2,2,2,0,1,0,0,1,0.5
65,naive_retry,90,baseline,42,6753988700560822873,intent,full,0,same-node,edge-a,edge-a,0.0,True,0.5051826557580381,replan-dup-2,2,2,0,1,0,0,1,0.5
66,naive_retry,90,baseline,42,7422010078185030784,intent,full,0,same-node,edge-a,edge-a,0.0,True,0.5051826557580381,replan-dup-2,2,2,0,1,0,0,1,0.5
67,naive_retry,90,baseline,42,2993677363017541157,intent,full,0,same-node,edge-a,edge-a,0.0,True,0.5051826557580381,replan-dup-2,2,2,0,1,0,0,1,0.5
68,naive_retry,90,baseline,42,5780605377371072855,intent,full,0,same-node,edge-a,edge-a,0.0,True,0.5051826557580381,replan-dup-2,2,2,0,1,0,0,1,0.5
69,naive_retry,90,baseline,42,3438149978284604305,intent,full,0,same-node,edge-a,edge-a,0.0,True,0.5051826557580381,replan-dup-2,2,2,0,1,0,0,1,0.5
70,naive_retry,90,baseline,42,6375802333917058838,intent,full,0,same-node,edge-a,edge-a,0.0,True,0.5051826557580381,replan-dup-2,2,2,0,1,0,0,1,0.5
71,naive_retry,90,baseline,42,4872389653726910463,intent,full,0,same-node,edge-a,edge-a,0.0,True,0.5051826557580381,replan-dup-2,2,2,0,1,0,0,1,0.5
72,naive_retry,90,baseline,42,8741765335068716762,intent,full,0,same-node,edge-a,edge-a,0.0,True,0.5051826557580381,replan-dup-2,2,2,0,1,0,0,1,0.5
73,naive_retry,90,baseline,42,5189189258639125294,intent,full,0,same-node,edge-a,edge-a,0.0,True,0.5051826557580381,replan-dup-2,2,2,0,1,0,0,1,0.5
74,naive_retry,90,baseline,42,6308851650859945133,intent,full,0,same-node,edge-a,edge-a,0.0,True,0.5051826557580381,replan-dup-2,2,2,0,1,0,0,1,0.5
75,naive_retry,90,baseline,42,3406788801901771880,intent,full,0,same-node,edge-a,edge-a,0.0,True,0.5051826557580381,replan-dup-2,2,2,0,1,0,0,1,0.5
76,naive_retry,90,baseline,42,8390895445286708109,intent,full,0,same-node,edge-a,edge-a,0.0,True,0.5051826557580381,replan-dup-2,2,2,0,1,0,0,1,0.5
77,naive_retry,90,baseline,42,10985518594449667,intent,full,0,same-node,edge-a,edge-a,0.0,True,0.5051826557580381,replan-dup-2,2,2,0,1,0,0,1,0.5
78,naive_retry,90,baseline,42,7363237086083853969,intent,full,0,same-node,edge-a,edge-a,0.0,True,0.5051826557580381,replan-dup-2,2,2,0,1,0,0,1,0.5
79,naive_retry,90,baseline,42,1723676086337618972,intent,full,0,same-node,edge-a,edge-a,0.0,True,0.5051826557580381,replan-dup-2,2,2,0,1,0,0,1,0.5
80,naive_retry,90,baseline,42,4549753938326809109,intent,full,0,same-node,edge-a,edge-a,0.0,True,0.5051826557580381,replan-dup-2,2,2,0,1,0,0,1,0.5
81,naive_retry,90,baseline,42,7092627473147995662,intent,full,0,same-node,edge-a,edge-a,0.0,True,0.5051826557580381,replan-dup-2,2,2,0,1,0,0,1,0.5
82,naive_retry,90,baseline,42,1966892892374129415,intent,full,0,same-node,edge-a,edge-a,0.0,True,0.5051826557580381,replan-dup-2,2,2,0,1,0,0,1,0.5
83,naive_retry,90,baseline,42,700976118038409033,intent,full,0,same-node,edge-a,edge-a,0.0,True,0.5051826557580381,replan-dup-2,2,2,0,1,0,0,1,0.5
84,naive_retry,90,baseline,42,3380755150818284291,intent,full,0,same-node,edge-a,edge-a,0.0,True,0.5051826557580381,replan-dup-2,2,2,0,1,0,0,1,0.5
85,naive_retry,90,baseline,42,4329259767651479854,intent,full,0,same-node,edge-a,edge-a,0.0,True,0.5051826557580381,replan-dup-2,2,2,0,1,0,0,1,0.5
86,naive_retry,90,baseline,42,4287916490286357494,intent,full,0,same-node,edge-a,edge-a,0.0,True,0.5051826557580381,replan-dup-2,2,2,0,1,0,0,1,0.5
87,naive_retry,90,baseline,42,9001406710308564392,intent,full,0,same-node,edge-a,edge-a,0.0,True,0.5051826557580381,replan-dup-2,2,2,0,1,0,0,1,0.5
88,naive_retry,90,baseline,42,8680068005589126119,intent,full,0,same-node,edge-a,edge-a,0.0,True,0.5051826557580381,replan-dup-2,2,2,0,1,0,0,1,0.5
89,naive_retry,90,baseline,42,7661429604916199796,intent,full,0,same-node,edge-a,edge-a,0.0,True,0.5051826557580381,replan-dup-2,2,2,0,1,0,0,1,0.5
90,naive_retry,90,baseline,42,2761655036862349131,intent,full,0,same-node,edge-a,edge-a,0.0,True,0.5051826557580381,replan-dup-2,2,2,0,1,0,0,1,0.5
91,naive_retry,90,baseline,42,8372308476511955352,intent,full,0,same-node,edge-a,edge-a,0.0,True,0.5051826557580381,replan-dup-2,2,2,0,1,0,0,1,0.5
92,naive_retry,90,baseline,42,8949988796598703945,intent,full,0,same-node,edge-a,edge-a,0.0,True,0.5051826557580381,replan-dup-2,2,2,0,1,0,0,1,0.5
93,naive_retry,90,baseline,42,5025692990738364108,intent,full,0,same-node,edge-a,edge-a,0.0,True,0.5051826557580381,replan-dup-2,2,2,0,1,0,0,1,0.5
94,naive_retry,90,baseline,42,6502765575685580331,intent,full,0,same-node,edge-a,edge-a,0.0,True,0.5051826557580381,replan-dup-2,2,2,0,1,0,0,1,0.5
95,naive_retry,90,baseline,42,2059978476943491103,intent,full,0,same-node,edge-a,edge-a,0.0,True,0.5051826557580381,replan-dup-2,2,2,0,1,0,0,1,0.5
96,naive_retry,90,baseline,42,4958129626424996543,intent,full,0,same-node,edge-a,edge-a,0.0,True,0.5051826557580381,replan-dup-2,2,2,0,1,0,0,1,0.5
97,naive_retry,90,baseline,42,192700173465785714,intent,full,0,same-node,edge-a,edge-a,0.0,True,0.5051826557580381,replan-dup-2,2,2,0,1,0,0,1,0.5
98,naive_retry,90,baseline,42,3621585048924531709,intent,full,0,same-node,edge-a,edge-a,0.0,True,0.5051826557580381,replan-dup-2,2,2,0,1,0,0,1,0.5
99,naive_retry,90,baseline,42,2379592270639963350,intent,full,0,same-node,edge-a,edge-a,0.0,True,0.5051826557580381,replan-dup-2,2,2,0,1,0,0,1,0.5
0,naive_retry,300,long_outage,42,4007272529733295779,intent,full,0,same-node,edge-a,edge-a,0.0,True,0.5051826557580381,replan-dup-2,2,2,0,1,0,0,1,0.5
1,naive_retry,300,long_outage,42,1993146664830016448,intent,full,0,same-node,edge-a,edge-a,0.0,True,0.5051826557580381,replan-dup-2,2,2,0,1,0,0,1,0.5
2,naive_retry,300,long_outage,42,8307851197112697465,intent,full,0,same-node,edge-a,edge-a,0.0,True,0.5051826557580381,replan-dup-2,2,2,0,1,0,0,1,0.5
3,naive_retry,300,long_outage,42,3758865238779428109,intent,full,0,same-node,edge-a,edge-a,0.0,True,0.5051826557580381,replan-dup-2,2,2,0,1,0,0,1,0.5
4,naive_retry,300,long_outage,42,4749756227022908012,intent,full,0,same-node,edge-a,edge-a,0.0,True,0.5051826557580381,replan-dup-2,2,2,0,1,0,0,1,0.5
5,naive_retry,300,long_outage,42,2618931629533581086,intent,full,0,same-node,edge-a,edge-a,0.0,True,0.5051826557580381,replan-dup-2,2,2,0,1,0,0,1,0.5
6,naive_retry,300,long_outage,42,813551353303853761,intent,full,0,same-node,edge-a,edge-a,0.0,True,0.5051826557580381,replan-dup-2,2,2,0,1,0,0,1,0.5
7,naive_retry,300,long_outage,42,5247661620342438739,intent,full,0,same-node,edge-a,edge-a,0.0,True,0.5051826557580381,replan-dup-2,2,2,0,1,0,0,1,0.5
8,naive_retry,300,long_outage,42,1595897298635792389,intent,full,0,same-node,edge-a,edge-a,0.0,True,0.5051826557580381,replan-dup-2,2,2,0,1,0,0,1,0.5
9,naive_retry,300,long_outage,42,4905176256870880461,intent,full,0,same-node,edge-a,edge-a,0.0,True,0.5051826557580381,replan-dup-2,2,2,0,1,0,0,1,0.5
10,naive_retry,300,long_outage,42,2126464696363508817,intent,full,0,same-node,edge-a,edge-a,0.0,True,0.5051826557580381,replan-dup-2,2,2,0,1,0,0,1,0.5
11,naive_retry,300,long_outage,42,2162260720326059248,intent,full,0,same-node,edge-a,edge-a,0.0,True,0.5051826557580381,replan-dup-2,2,2,0,1,0,0,1,0.5
12,naive_retry,300,long_outage,42,5630789961976606294,intent,full,0,same-node,edge-a,edge-a,0.0,True,0.5051826557580381,replan-dup-2,2,2,0,1,0,0,1,0.5
13,naive_retry,300,long_outage,42,4119237919049308475,intent,full,0,same-node,edge-a,edge-a,0.0,True,0.5051826557580381,replan-dup-2,2,2,0,1,0,0,1,0.5
14,naive_retry,300,long_outage,42,2187813031891299784,intent,full,0,same-node,edge-a,edge-a,0.0,True,0.5051826557580381,replan-dup-2,2,2,0,1,0,0,1,0.5
15,naive_retry,300,long_outage,42,3637105206459378529,intent,full,0,same-node,edge-a,edge-a,0.0,True,0.5051826557580381,replan-dup-2,2,2,0,1,0,0,1,0.5
16,naive_retry,300,long_outage,42,5877440510286167835,intent,full,0,same-node,edge-a,edge-a,0.0,True,0.5051826557580381,replan-dup-2,2,2,0,1,0,0,1,0.5
17,naive_retry,300,long_outage,42,2993817841341359352,intent,full,0,same-node,edge-a,edge-a,0.0,True,0.5051826557580381,replan-dup-2,2,2,0,1,0,0,1,0.5
18,naive_retry,300,long_outage,42,3205828655133104403,intent,full,0,same-node,edge-a,edge-a,0.0,True,0.5051826557580381,replan-dup-2,2,2,0,1,0,0,1,0.5
19,naive_retry,300,long_outage,42,2702102982485448806,intent,full,0,same-node,edge-a,edge-a,0.0,True,0.5051826557580381,replan-dup-2,2,2,0,1,0,0,1,0.5
20,naive_retry,300,long_outage,42,3811456727226865046,intent,full,0,same-node,edge-a,edge-a,0.0,True,0.5051826557580381,replan-dup-2,2,2,0,1,0,0,1,0.5
21,naive_retry,300,long_outage,42,1433428924525024506,intent,full,0,same-node,edge-a,edge-a,0.0,True,0.5051826557580381,replan-dup-2,2,2,0,1,0,0,1,0.5
22,naive_retry,300,long_outage,42,4326362922797061116,intent,full,0,same-node,edge-a,edge-a,0.0,True,0.5051826557580381,replan-dup-2,2,2,0,1,0,0,1,0.5
23,naive_retry,300,long_outage,42,9135685125258079517,intent,full,0,same-node,edge-a,edge-a,0.0,True,0.5051826557580381,replan-dup-2,2,2,0,1,0,0,1,0.5
24,naive_retry,300,long_outage,42,3764066371631577632,intent,full,0,same-node,edge-a,edge-a,0.0,True,0.5051826557580381,replan-dup-2,2,2,0,1,0,0,1,0.5
25,naive_retry,300,long_outage,42,8005371977686678692,intent,full,0,same-node,edge-a,edge-a,0.0,True,0.5051826557580381,replan-dup-2,2,2,0,1,0,0,1,0.5
26,naive_retry,300,long_outage,42,8299273865859355062,intent,full,0,same-node,edge-a,edge-a,0.0,True,0.5051826557580381,replan-dup-2,2,2,0,1,0,0,1,0.5
27,naive_retry,300,long_outage,42,6423942719089702482,intent,full,0,same-node,edge-a,edge-a,0.0,True,0.5051826557580381,replan-dup-2,2,2,0,1,0,0,1,0.5
28,naive_retry,300,long_outage,42,3001406128201770796,intent,full,0,same-node,edge-a,edge-a,0.0,True,0.5051826557580381,replan-dup-2,2,2,0,1,0,0,1,0.5
29,naive_retry,300,long_outage,42,2425841302844396884,intent,full,0,same-node,edge-a,edge-a,0.0,True,0.5051826557580381,replan-dup-2,2,2,0,1,0,0,1,0.5
30,naive_retry,300,long_outage,42,7859906411945591972,intent,full,0,same-node,edge-a,edge-a,0.0,True,0.5051826557580381,replan-dup-2,2,2,0,1,0,0,1,0.5
31,naive_retry,300,long_outage,42,2413058510144373628,intent,full,0,same-node,edge-a,edge-a,0.0,True,0.5051826557580381,replan-dup-2,2,2,0,1,0,0,1,0.5
32,naive_retry,300,long_outage,42,4227919828303917543,intent,full,0,same-node,edge-a,edge-a,0.0,True,0.5051826557580381,replan-dup-2,2,2,0,1,0,0,1,0.5
33,naive_retry,300,long_outage,42,5112617268984124138,intent,full,0,same-node,edge-a,edge-a,0.0,True,0.5051826557580381,replan-dup-2,2,2,0,1,0,0,1,0.5
34,naive_retry,300,long_outage,42,3160693600564596516,intent,full,0,same-node,edge-a,edge-a,0.0,True,0.5051826557580381,replan-dup-2,2,2,0,1,0,0,1,0.5
35,naive_retry,300,long_outage,42,4448122622710270839,intent,full,0,same-node,edge-a,edge-a,0.0,True,0.5051826557580381,replan-dup-2,2,2,0,1,0,0,1,0.5
36,naive_retry,300,long_outage,42,9129803415872943116,intent,full,0,same-node,edge-a,edge-a,0.0,True,0.5051826557580381,replan-dup-2,2,2,0,1,0,0,1,0.5
37,naive_retry,300,long_outage,42,1604906492045187568,intent,full,0,same-node,edge-a,edge-a,0.0,True,0.5051826557580381,replan-dup-2,2,2,0,1,0,0,1,0.5
38,naive_retry,300,long_outage,42,2444742184598310253,intent,full,0,same-node,edge-a,edge-a,0.0,True,0.5051826557580381,replan-dup-2,2,2,0,1,0,0,1,0.5
39,naive_retry,300,long_outage,42,6548691706289805714,intent,full,0,same-node,edge-a,edge-a,0.0,True,0.5051826557580381,replan-dup-2,2,2,0,1,0,0,1,0.5
40,naive_retry,300,long_outage,42,2046590316222599073,intent,full,0,same-node,edge-a,edge-a,0.0,True,0.5051826557580381,replan-dup-2,2,2,0,1,0,0,1,0.5
41,naive_retry,300,long_outage,42,1385763779568529130,intent,full,0,same-node,edge-a,edge-a,0.0,True,0.5051826557580381,replan-dup-2,2,2,0,1,0,0,1,0.5
42,naive_retry,300,long_outage,42,8914302157778546304,intent,full,0,same-node,edge-a,edge-a,0.0,True,0.5051826557580381,replan-dup-2,2,2,0,1,0,0,1,0.5
43,naive_retry,300,long_outage,42,198142927309809101,intent,full,0,same-node,edge-a,edge-a,0.0,True,0.5051826557580381,replan-dup-2,2,2,0,1,0,0,1,0.5
44,naive_retry,300,long_outage,42,8057415444207604322,intent,full,0,same-node,edge-a,edge-a,0.0,True,0.5051826557580381,replan-dup-2,2,2,0,1,0,0,1,0.5
45,naive_retry,300,long_outage,42,7272585120844984262,intent,full,0,same-node,edge-a,edge-a,0.0,True,0.5051826557580381,replan-dup-2,2,2,0,1,0,0,1,0.5
46,naive_retry,300,long_outage,42,3682985766554008977,intent,full,0,same-node,edge-a,edge-a,0.0,True,0.5051826557580381,replan-dup-2,2,2,0,1,0,0,1,0.5
47,naive_retry,300,long_outage,42,6786334440695995105,intent,full,0,same-node,edge-a,edge-a,0.0,True,0.5051826557580381,replan-dup-2,2,2,0,1,0,0,1,0.5
48,naive_retry,300,long_outage,42,1573631006100782792,intent,full,0,same-node,edge-a,edge-a,0.0,True,0.5051826557580381,replan-dup-2,2,2,0,1,0,0,1,0.5
49,naive_retry,300,long_outage,42,5991432071501316485,intent,full,0,same-node,edge-a,edge-a,0.0,True,0.5051826557580381,replan-dup-2,2,2,0,1,0,0,1,0.5
50,naive_retry,300,long_outage,42,7565676175815100841,intent,full,0,same-node,edge-a,edge-a,0.0,True,0.5051826557580381,replan-dup-2,2,2,0,1,0,0,1,0.5
51,naive_retry,300,long_outage,42,7313774630776055497,intent,full,0,same-node,edge-a,edge-a,0.0,True,0.5051826557580381,replan-dup-2,2,2,0,1,0,0,1,0.5
52,naive_retry,300,long_outage,42,5306686470246438553,intent,full,0,same-node,edge-a,edge-a,0.0,True,0.5051826557580381,replan-dup-2,2,2,0,1,0,0,1,0.5
53,naive_retry,300,long_outage,42,5584184873361428136,intent,full,0,same-node,edge-a,edge-a,0.0,True,0.5051826557580381,replan-dup-2,2,2,0,1,0,0,1,0.5
54,naive_retry,300,long_outage,42,1063333750980592701,intent,full,0,same-node,edge-a,edge-a,0.0,True,0.5051826557580381,replan-dup-2,2,2,0,1,0,0,1,0.5
55,naive_retry,300,long_outage,42,442329791704171546,intent,full,0,same-node,edge-a,edge-a,0.0,True,0.5051826557580381,replan-dup-2,2,2,0,1,0,0,1,0.5
56,naive_retry,300,long_outage,42,4104198484497929039,intent,full,0,same-node,edge-a,edge-a,0.0,True,0.5051826557580381,replan-dup-2,2,2,0,1,0,0,1,0.5
57,naive_retry,300,long_outage,42,7462823057343320184,intent,full,0,same-node,edge-a,edge-a,0.0,True,0.5051826557580381,replan-dup-2,2,2,0,1,0,0,1,0.5
58,naive_retry,300,long_outage,42,8646170984260113131,intent,full,0,same-node,edge-a,edge-a,0.0,True,0.5051826557580381,replan-dup-2,2,2,0,1,0,0,1,0.5
59,naive_retry,300,long_outage,42,7483397904074198764,intent,full,0,same-node,edge-a,edge-a,0.0,True,0.5051826557580381,replan-dup-2,2,2,0,1,0,0,1,0.5
60,naive_retry,300,long_outage,42,347473893544444305,intent,full,0,same-node,edge-a,edge-a,0.0,True,0.5051826557580381,replan-dup-2,2,2,0,1,0,0,1,0.5
61,naive_retry,300,long_outage,42,3416116362213764680,intent,full,0,same-node,edge-a,edge-a,0.0,True,0.5051826557580381,replan-dup-2,2,2,0,1,0,0,1,0.5
62,naive_retry,300,long_outage,42,2457728206473250952,intent,full,0,same-node,edge-a,edge-a,0.0,True,0.5051826557580381,replan-dup-2,2,2,0,1,0,0,1,0.5
63,naive_retry,300,long_outage,42,6228586250831548266,intent,full,0,same-node,edge-a,edge-a,0.0,True,0.5051826557580381,replan-dup-2,2,2,0,1,0,0,1,0.5
64,naive_retry,300,long_outage,42,6001604750495135905,intent,full,0,same-node,edge-a,edge-a,0.0,True,0.5051826557580381,replan-dup-2,2,2,0,1,0,0,1,0.5
65,naive_retry,300,long_outage,42,3917965924505854576,intent,full,0,same-node,edge-a,edge-a,0.0,True,0.5051826557580381,replan-dup-2,2,2,0,1,0,0,1,0.5
66,naive_retry,300,long_outage,42,1099681280111512999,intent,full,0,same-node,edge-a,edge-a,0.0,True,0.5051826557580381,replan-dup-2,2,2,0,1,0,0,1,0.5
67,naive_retry,300,long_outage,42,7497632066965943686,intent,full,0,same-node,edge-a,edge-a,0.0,True,0.5051826557580381,replan-dup-2,2,2,0,1,0,0,1,0.5
68,naive_retry,300,long_outage,42,6828043101349853389,intent,full,0,same-node,edge-a,edge-a,0.0,True,0.5051826557580381,replan-dup-2,2,2,0,1,0,0,1,0.5
69,naive_retry,300,long_outage,42,2300958208107656011,intent,full,0,same-node,edge-a,edge-a,0.0,True,0.5051826557580381,replan-dup-2,2,2,0,1,0,0,1,0.5
70,naive_retry,300,long_outage,42,2069995284245485996,intent,full,0,same-node,edge-a,edge-a,0.0,True,0.5051826557580381,replan-dup-2,2,2,0,1,0,0,1,0.5
71,naive_retry,300,long_outage,42,3847263120003390329,intent,full,0,same-node,edge-a,edge-a,0.0,True,0.5051826557580381,replan-dup-2,2,2,0,1,0,0,1,0.5
72,naive_retry,300,long_outage,42,629183151481814797,intent,full,0,same-node,edge-a,edge-a,0.0,True,0.5051826557580381,replan-dup-2,2,2,0,1,0,0,1,0.5
73,naive_retry,300,long_outage,42,1802887205439557541,intent,full,0,same-node,edge-a,edge-a,0.0,True,0.5051826557580381,replan-dup-2,2,2,0,1,0,0,1,0.5
74,naive_retry,300,long_outage,42,6050255509107148585,intent,full,0,same-node,edge-a,edge-a,0.0,True,0.5051826557580381,replan-dup-2,2,2,0,1,0,0,1,0.5
75,naive_retry,300,long_outage,42,4553363664081839034,intent,full,0,same-node,edge-a,edge-a,0.0,True,0.5051826557580381,replan-dup-2,2,2,0,1,0,0,1,0.5
76,naive_retry,300,long_outage,42,6483630876737578120,intent,full,0,same-node,edge-a,edge-a,0.0,True,0.5051826557580381,replan-dup-2,2,2,0,1,0,0,1,0.5
77,naive_retry,300,long_outage,42,5902116969968636444,intent,full,0,same-node,edge-a,edge-a,0.0,True,0.5051826557580381,replan-dup-2,2,2,0,1,0,0,1,0.5
78,naive_retry,300,long_outage,42,1099001881162137875,intent,full,0,same-node,edge-a,edge-a,0.0,True,0.5051826557580381,replan-dup-2,2,2,0,1,0,0,1,0.5
79,naive_retry,300,long_outage,42,6385555079226112385,intent,full,0,same-node,edge-a,edge-a,0.0,True,0.5051826557580381,replan-dup-2,2,2,0,1,0,0,1,0.5
80,naive_retry,300,long_outage,42,569999088866077208,intent,full,0,same-node,edge-a,edge-a,0.0,True,0.5051826557580381,replan-dup-2,2,2,0,1,0,0,1,0.5
81,naive_retry,300,long_outage,42,3423682396287569628,intent,full,0,same-node,edge-a,edge-a,0.0,True,0.5051826557580381,replan-dup-2,2,2,0,1,0,0,1,0.5
82,naive_retry,300,long_outage,42,73594067608569613,intent,full,0,same-node,edge-a,edge-a,0.0,True,0.5051826557580381,replan-dup-2,2,2,0,1,0,0,1,0.5
83,naive_retry,300,long_outage,42,6393732149052435467,intent,full,0,same-node,edge-a,edge-a,0.0,True,0.5051826557580381,replan-dup-2,2,2,0,1,0,0,1,0.5
84,naive_retry,300,long_outage,42,6111017264617587638,intent,full,0,same-node,edge-a,edge-a,0.0,True,0.5051826557580381,replan-dup-2,2,2,0,1,0,0,1,0.5
85,naive_retry,300,long_outage,42,6324387606429354762,intent,full,0,same-node,edge-a,edge-a,0.0,True,0.5051826557580381,replan-dup-2,2,2,0,1,0,0,1,0.5
86,naive_retry,300,long_outage,42,6136211657459544884,intent,full,0,same-node,edge-a,edge-a,0.0,True,0.5051826557580381,replan-dup-2,2,2,0,1,0,0,1,0.5
87,naive_retry,300,long_outage,42,6182789127096379256,intent,full,0,same-node,edge-a,edge-a,0.0,True,0.5051826557580381,replan-dup-2,2,2,0,1,0,0,1,0.5
88,naive_retry,300,long_outage,42,9180445573919019447,intent,full,0,same-node,edge-a,edge-a,0.0,True,0.5051826557580381,replan-dup-2,2,2,0,1,0,0,1,0.5
89,naive_retry,300,long_outage,42,2913225283599958331,intent,full,0,same-node,edge-a,edge-a,0.0,True,0.5051826557580381,replan-dup-2,2,2,0,1,0,0,1,0.5
90,naive_retry,300,long_outage,42,3593624182054077275,intent,full,0,same-node,edge-a,edge-a,0.0,True,0.5051826557580381,replan-dup-2,2,2,0,1,0,0,1,0.5
91,naive_retry,300,long_outage,42,278239520529130456,intent,full,0,same-node,edge-a,edge-a,0.0,True,0.5051826557580381,replan-dup-2,2,2,0,1,0,0,1,0.5
92,naive_retry,300,long_outage,42,3571882282295665640,intent,full,0,same-node,edge-a,edge-a,0.0,True,0.5051826557580381,replan-dup-2,2,2,0,1,0,0,1,0.5
93,naive_retry,300,long_outage,42,3351513394600101275,intent,full,0,same-node,edge-a,edge-a,0.0,True,0.5051826557580381,replan-dup-2,2,2,0,1,0,0,1,0.5
94,naive_retry,300,long_outage,42,3178285382156258673,intent,full,0,same-node,edge-a,edge-a,0.0,True,0.5051826557580381,replan-dup-2,2,2,0,1,0,0,1,0.5
95,naive_retry,300,long_outage,42,7220329673240351861,intent,full,0,same-node,edge-a,edge-a,0.0,True,0.5051826557580381,replan-dup-2,2,2,0,1,0,0,1,0.5
96,naive_retry,300,long_outage,42,4946453090278965364,intent,full,0,same-node,edge-a,edge-a,0.0,True,0.5051826557580381,replan-dup-2,2,2,0,1,0,0,1,0.5
97,naive_retry,300,long_outage,42,2971714822150673560,intent,full,0,same-node,edge-a,edge-a,0.0,True,0.5051826557580381,replan-dup-2,2,2,0,1,0,0,1,0.5
98,naive_retry,300,long_outage,42,696892410211752221,intent,full,0,same-node,edge-a,edge-a,0.0,True,0.5051826557580381,replan-dup-2,2,2,0,1,0,0,1,0.5
99,naive_retry,300,long_outage,42,9107526317073342367,intent,full,0,same-node,edge-a,edge-a,0.0,True,0.5051826557580381,replan-dup-2,2,2,0,1,0,0,1,0.5
0,verify_before_retry,0,no_outage,42,8466479710112639166,intent,full,0,same-node,edge-a,edge-a,0.0,True,0.5051826557580381,replan-dup-2,2,2,0,0,0,0,0,0.0
1,verify_before_retry,0,no_outage,42,1569809150103368170,intent,full,0,same-node,edge-a,edge-a,0.0,True,0.5051826557580381,replan-dup-2,2,2,0,0,0,0,0,0.0
2,verify_before_retry,0,no_outage,42,5474704824550371765,intent,full,0,same-node,edge-a,edge-a,0.0,True,0.5051826557580381,replan-dup-2,2,2,0,0,0,0,0,0.0
3,verify_before_retry,0,no_outage,42,8963624744347778816,intent,full,0,same-node,edge-a,edge-a,0.0,True,0.5051826557580381,replan-dup-2,2,2,0,0,0,0,0,0.0
4,verify_before_retry,0,no_outage,42,9187988525918357219,intent,full,0,same-node,edge-a,edge-a,0.0,True,0.5051826557580381,replan-dup-2,2,2,0,0,0,0,0,0.0
5,verify_before_retry,0,no_outage,42,2331140537374787389,intent,full,0,same-node,edge-a,edge-a,0.0,True,0.5051826557580381,replan-dup-2,2,2,0,0,0,0,0,0.0
6,verify_before_retry,0,no_outage,42,3075208490403824138,intent,full,0,same-node,edge-a,edge-a,0.0,True,0.5051826557580381,replan-dup-2,2,2,0,0,0,0,0,0.0
7,verify_before_retry,0,no_outage,42,4440491373482928021,intent,full,0,same-node,edge-a,edge-a,0.0,True,0.5051826557580381,replan-dup-2,2,2,0,0,0,0,0,0.0
8,verify_before_retry,0,no_outage,42,8879164630609495690,intent,full,0,same-node,edge-a,edge-a,0.0,True,0.5051826557580381,replan-dup-2,2,2,0,0,0,0,0,0.0
9,verify_before_retry,0,no_outage,42,7132829338139583782,intent,full,0,same-node,edge-a,edge-a,0.0,True,0.5051826557580381,replan-dup-2,2,2,0,0,0,0,0,0.0
10,verify_before_retry,0,no_outage,42,286295457242168,intent,full,0,same-node,edge-a,edge-a,0.0,True,0.5051826557580381,replan-dup-2,2,2,0,0,0,0,0,0.0
11,verify_before_retry,0,no_outage,42,755735866869105167,intent,full,0,same-node,edge-a,edge-a,0.0,True,0.5051826557580381,replan-dup-2,2,2,0,0,0,0,0,0.0
12,verify_before_retry,0,no_outage,42,7042378994701030898,intent,full,0,same-node,edge-a,edge-a,0.0,True,0.5051826557580381,replan-dup-2,2,2,0,0,0,0,0,0.0
13,verify_before_retry,0,no_outage,42,4143340428061558579,intent,full,0,same-node,edge-a,edge-a,0.0,True,0.5051826557580381,replan-dup-2,2,2,0,0,0,0,0,0.0
14,verify_before_retry,0,no_outage,42,2276806092812183990,intent,full,0,same-node,edge-a,edge-a,0.0,True,0.5051826557580381,replan-dup-2,2,2,0,0,0,0,0,0.0
15,verify_before_retry,0,no_outage,42,4945254458047160227,intent,full,0,same-node,edge-a,edge-a,0.0,True,0.5051826557580381,replan-dup-2,2,2,0,0,0,0,0,0.0
16,verify_before_retry,0,no_outage,42,8202713136808691189,intent,full,0,same-node,edge-a,edge-a,0.0,True,0.5051826557580381,replan-dup-2,2,2,0,0,0,0,0,0.0
17,verify_before_retry,0,no_outage,42,9143995888087391540,intent,full,0,same-node,edge-a,edge-a,0.0,True,0.5051826557580381,replan-dup-2,2,2,0,0,0,0,0,0.0
18,verify_before_retry,0,no_outage,42,6025693581587083000,intent,full,0,same-node,edge-a,edge-a,0.0,True,0.5051826557580381,replan-dup-2,2,2,0,0,0,0,0,0.0
19,verify_before_retry,0,no_outage,42,5777993931518912442,intent,full,0,same-node,edge-a,edge-a,0.0,True,0.5051826557580381,replan-dup-2,2,2,0,0,0,0,0,0.0
20,verify_before_retry,0,no_outage,42,7811410616146780107,intent,full,0,same-node,edge-a,edge-a,0.0,True,0.5051826557580381,replan-dup-2,2,2,0,0,0,0,0,0.0
21,verify_before_retry,0,no_outage,42,5632570077359151035,intent,full,0,same-node,edge-a,edge-a,0.0,True,0.5051826557580381,replan-dup-2,2,2,0,0,0,0,0,0.0
22,verify_before_retry,0,no_outage,42,4393192169012074532,intent,full,0,same-node,edge-a,edge-a,0.0,True,0.5051826557580381,replan-dup-2,2,2,0,0,0,0,0,0.0
23,verify_before_retry,0,no_outage,42,3904156252237913036,intent,full,0,same-node,edge-a,edge-a,0.0,True,0.5051826557580381,replan-dup-2,2,2,0,0,0,0,0,0.0
24,verify_before_retry,0,no_outage,42,4112656243522691691,intent,full,0,same-node,edge-a,edge-a,0.0,True,0.5051826557580381,replan-dup-2,2,2,0,0,0,0,0,0.0
25,verify_before_retry,0,no_outage,42,760216201167999794,intent,full,0,same-node,edge-a,edge-a,0.0,True,0.5051826557580381,replan-dup-2,2,2,0,0,0,0,0,0.0
26,verify_before_retry,0,no_outage,42,7294961537335420353,intent,full,0,same-node,edge-a,edge-a,0.0,True,0.5051826557580381,replan-dup-2,2,2,0,0,0,0,0,0.0
27,verify_before_retry,0,no_outage,42,8765502557930050650,intent,full,0,same-node,edge-a,edge-a,0.0,True,0.5051826557580381,replan-dup-2,2,2,0,0,0,0,0,0.0
28,verify_before_retry,0,no_outage,42,7733014539263918543,intent,full,0,same-node,edge-a,edge-a,0.0,True,0.5051826557580381,replan-dup-2,2,2,0,0,0,0,0,0.0
29,verify_before_retry,0,no_outage,42,9167898745478843240,intent,full,0,same-node,edge-a,edge-a,0.0,True,0.5051826557580381,replan-dup-2,2,2,0,0,0,0,0,0.0
30,verify_before_retry,0,no_outage,42,3321724249545725717,intent,full,0,same-node,edge-a,edge-a,0.0,True,0.5051826557580381,replan-dup-2,2,2,0,0,0,0,0,0.0
31,verify_before_retry,0,no_outage,42,3220992477436126590,intent,full,0,same-node,edge-a,edge-a,0.0,True,0.5051826557580381,replan-dup-2,2,2,0,0,0,0,0,0.0
32,verify_before_retry,0,no_outage,42,7904629789220055000,intent,full,0,same-node,edge-a,edge-a,0.0,True,0.5051826557580381,replan-dup-2,2,2,0,0,0,0,0,0.0
33,verify_before_retry,0,no_outage,42,3291377060000934257,intent,full,0,same-node,edge-a,edge-a,0.0,True,0.5051826557580381,replan-dup-2,2,2,0,0,0,0,0,0.0
34,verify_before_retry,0,no_outage,42,8681158725415981140,intent,full,0,same-node,edge-a,edge-a,0.0,True,0.5051826557580381,replan-dup-2,2,2,0,0,0,0,0,0.0
35,verify_before_retry,0,no_outage,42,2602555189397219321,intent,full,0,same-node,edge-a,edge-a,0.0,True,0.5051826557580381,replan-dup-2,2,2,0,0,0,0,0,0.0
36,verify_before_retry,0,no_outage,42,7051665485260657665,intent,full,0,same-node,edge-a,edge-a,0.0,True,0.5051826557580381,replan-dup-2,2,2,0,0,0,0,0,0.0
37,verify_before_retry,0,no_outage,42,5545833834279195155,intent,full,0,same-node,edge-a,edge-a,0.0,True,0.5051826557580381,replan-dup-2,2,2,0,0,0,0,0,0.0
38,verify_before_retry,0,no_outage,42,6679443221935689678,intent,full,0,same-node,edge-a,edge-a,0.0,True,0.5051826557580381,replan-dup-2,2,2,0,0,0,0,0,0.0
39,verify_before_retry,0,no_outage,42,9081772763895410770,intent,full,0,same-node,edge-a,edge-a,0.0,True,0.5051826557580381,replan-dup-2,2,2,0,0,0,0,0,0.0
40,verify_before_retry,0,no_outage,42,2471222715040867742,intent,full,0,same-node,edge-a,edge-a,0.0,True,0.5051826557580381,replan-dup-2,2,2,0,0,0,0,0,0.0
41,verify_before_retry,0,no_outage,42,2307928839567084166,intent,full,0,same-node,edge-a,edge-a,0.0,True,0.5051826557580381,replan-dup-2,2,2,0,0,0,0,0,0.0
42,verify_before_retry,0,no_outage,42,810000907567821388,intent,full,0,same-node,edge-a,edge-a,0.0,True,0.5051826557580381,replan-dup-2,2,2,0,0,0,0,0,0.0
43,verify_before_retry,0,no_outage,42,492037133338688611,intent,full,0,same-node,edge-a,edge-a,0.0,True,0.5051826557580381,replan-dup-2,2,2,0,0,0,0,0,0.0
44,verify_before_retry,0,no_outage,42,2596123955498142813,intent,full,0,same-node,edge-a,edge-a,0.0,True,0.5051826557580381,replan-dup-2,2,2,0,0,0,0,0,0.0
45,verify_before_retry,0,no_outage,42,6221046859226650967,intent,full,0,same-node,edge-a,edge-a,0.0,True,0.5051826557580381,replan-dup-2,2,2,0,0,0,0,0,0.0
46,verify_before_retry,0,no_outage,42,5118162311305944660,intent,full,0,same-node,edge-a,edge-a,0.0,True,0.5051826557580381,replan-dup-2,2,2,0,0,0,0,0,0.0
47,verify_before_retry,0,no_outage,42,2531429074825032469,intent,full,0,same-node,edge-a,edge-a,0.0,True,0.5051826557580381,replan-dup-2,2,2,0,0,0,0,0,0.0
48,verify_before_retry,0,no_outage,42,3008083478303180059,intent,full,0,same-node,edge-a,edge-a,0.0,True,0.5051826557580381,replan-dup-2,2,2,0,0,0,0,0,0.0
49,verify_before_retry,0,no_outage,42,6053611672511774755,intent,full,0,same-node,edge-a,edge-a,0.0,True,0.5051826557580381,replan-dup-2,2,2,0,0,0,0,0,0.0
50,verify_before_retry,0,no_outage,42,1677461109657765395,intent,full,0,same-node,edge-a,edge-a,0.0,True,0.5051826557580381,replan-dup-2,2,2,0,0,0,0,0,0.0
51,verify_before_retry,0,no_outage,42,8739679495219162821,intent,full,0,same-node,edge-a,edge-a,0.0,True,0.5051826557580381,replan-dup-2,2,2,0,0,0,0,0,0.0
52,verify_before_retry,0,no_outage,42,559587168964190399,intent,full,0,same-node,edge-a,edge-a,0.0,True,0.5051826557580381,replan-dup-2,2,2,0,0,0,0,0,0.0
53,verify_before_retry,0,no_outage,42,4467054906931391362,intent,full,0,same-node,edge-a,edge-a,0.0,True,0.5051826557580381,replan-dup-2,2,2,0,0,0,0,0,0.0
54,verify_before_retry,0,no_outage,42,6763198469925550138,intent,full,0,same-node,edge-a,edge-a,0.0,True,0.5051826557580381,replan-dup-2,2,2,0,0,0,0,0,0.0
55,verify_before_retry,0,no_outage,42,8986172047725696047,intent,full,0,same-node,edge-a,edge-a,0.0,True,0.5051826557580381,replan-dup-2,2,2,0,0,0,0,0,0.0
56,verify_before_retry,0,no_outage,42,8934488482005533556,intent,full,0,same-node,edge-a,edge-a,0.0,True,0.5051826557580381,replan-dup-2,2,2,0,0,0,0,0,0.0
57,verify_before_retry,0,no_outage,42,3701869833082296567,intent,full,0,same-node,edge-a,edge-a,0.0,True,0.5051826557580381,replan-dup-2,2,2,0,0,0,0,0,0.0
58,verify_before_retry,0,no_outage,42,7097475091172161207,intent,full,0,same-node,edge-a,edge-a,0.0,True,0.5051826557580381,replan-dup-2,2,2,0,0,0,0,0,0.0
59,verify_before_retry,0,no_outage,42,4969660988924391715,intent,full,0,same-node,edge-a,edge-a,0.0,True,0.5051826557580381,replan-dup-2,2,2,0,0,0,0,0,0.0
60,verify_before_retry,0,no_outage,42,5805649696299955187,intent,full,0,same-node,edge-a,edge-a,0.0,True,0.5051826557580381,replan-dup-2,2,2,0,0,0,0,0,0.0
61,verify_before_retry,0,no_outage,42,4679655282310797524,intent,full,0,same-node,edge-a,edge-a,0.0,True,0.5051826557580381,replan-dup-2,2,2,0,0,0,0,0,0.0
62,verify_before_retry,0,no_outage,42,8915993062186625660,intent,full,0,same-node,edge-a,edge-a,0.0,True,0.5051826557580381,replan-dup-2,2,2,0,0,0,0,0,0.0
63,verify_before_retry,0,no_outage,42,7367860841060301120,intent,full,0,same-node,edge-a,edge-a,0.0,True,0.5051826557580381,replan-dup-2,2,2,0,0,0,0,0,0.0
64,verify_before_retry,0,no_outage,42,7162451013125878154,intent,full,0,same-node,edge-a,edge-a,0.0,True,0.5051826557580381,replan-dup-2,2,2,0,0,0,0,0,0.0
65,verify_before_retry,0,no_outage,42,2571191009224125407,intent,full,0,same-node,edge-a,edge-a,0.0,True,0.5051826557580381,replan-dup-2,2,2,0,0,0,0,0,0.0
66,verify_before_retry,0,no_outage,42,7764404581874784811,intent,full,0,same-node,edge-a,edge-a,0.0,True,0.5051826557580381,replan-dup-2,2,2,0,0,0,0,0,0.0
67,verify_before_retry,0,no_outage,42,7450486165218938861,intent,full,0,same-node,edge-a,edge-a,0.0,True,0.5051826557580381,replan-dup-2,2,2,0,0,0,0,0,0.0
68,verify_before_retry,0,no_outage,42,5123285692097988628,intent,full,0,same-node,edge-a,edge-a,0.0,True,0.5051826557580381,replan-dup-2,2,2,0,0,0,0,0,0.0
69,verify_before_retry,0,no_outage,42,5600673353713430067,intent,full,0,same-node,edge-a,edge-a,0.0,True,0.5051826557580381,replan-dup-2,2,2,0,0,0,0,0,0.0
70,verify_before_retry,0,no_outage,42,3391065496623800842,intent,full,0,same-node,edge-a,edge-a,0.0,True,0.5051826557580381,replan-dup-2,2,2,0,0,0,0,0,0.0
71,verify_before_retry,0,no_outage,42,7422449188235365085,intent,full,0,same-node,edge-a,edge-a,0.0,True,0.5051826557580381,replan-dup-2,2,2,0,0,0,0,0,0.0
72,verify_before_retry,0,no_outage,42,5435169672937385637,intent,full,0,same-node,edge-a,edge-a,0.0,True,0.5051826557580381,replan-dup-2,2,2,0,0,0,0,0,0.0
73,verify_before_retry,0,no_outage,42,1939085321496466931,intent,full,0,same-node,edge-a,edge-a,0.0,True,0.5051826557580381,replan-dup-2,2,2,0,0,0,0,0,0.0
74,verify_before_retry,0,no_outage,42,8551043077243489545,intent,full,0,same-node,edge-a,edge-a,0.0,True,0.5051826557580381,replan-dup-2,2,2,0,0,0,0,0,0.0
75,verify_before_retry,0,no_outage,42,2620165662807011771,intent,full,0,same-node,edge-a,edge-a,0.0,True,0.5051826557580381,replan-dup-2,2,2,0,0,0,0,0,0.0
76,verify_before_retry,0,no_outage,42,5367080643713142431,intent,full,0,same-node,edge-a,edge-a,0.0,True,0.5051826557580381,replan-dup-2,2,2,0,0,0,0,0,0.0
77,verify_before_retry,0,no_outage,42,8526566746861538485,intent,full,0,same-node,edge-a,edge-a,0.0,True,0.5051826557580381,replan-dup-2,2,2,0,0,0,0,0,0.0
78,verify_before_retry,0,no_outage,42,5771906495396083100,intent,full,0,same-node,edge-a,edge-a,0.0,True,0.5051826557580381,replan-dup-2,2,2,0,0,0,0,0,0.0
79,verify_before_retry,0,no_outage,42,4388237771247221792,intent,full,0,same-node,edge-a,edge-a,0.0,True,0.5051826557580381,replan-dup-2,2,2,0,0,0,0,0,0.0
80,verify_before_retry,0,no_outage,42,9059464635407223028,intent,full,0,same-node,edge-a,edge-a,0.0,True,0.5051826557580381,replan-dup-2,2,2,0,0,0,0,0,0.0
81,verify_before_retry,0,no_outage,42,4781932559933997549,intent,full,0,same-node,edge-a,edge-a,0.0,True,0.5051826557580381,replan-dup-2,2,2,0,0,0,0,0,0.0
82,verify_before_retry,0,no_outage,42,2254756464039321821,intent,full,0,same-node,edge-a,edge-a,0.0,True,0.5051826557580381,replan-dup-2,2,2,0,0,0,0,0,0.0
83,verify_before_retry,0,no_outage,42,743863074156385629,intent,full,0,same-node,edge-a,edge-a,0.0,True,0.5051826557580381,replan-dup-2,2,2,0,0,0,0,0,0.0
84,verify_before_retry,0,no_outage,42,6225590153357747447,intent,full,0,same-node,edge-a,edge-a,0.0,True,0.5051826557580381,replan-dup-2,2,2,0,0,0,0,0,0.0
85,verify_before_retry,0,no_outage,42,3777290838069237550,intent,full,0,same-node,edge-a,edge-a,0.0,True,0.5051826557580381,replan-dup-2,2,2,0,0,0,0,0,0.0
86,verify_before_retry,0,no_outage,42,6734730813288952609,intent,full,0,same-node,edge-a,edge-a,0.0,True,0.5051826557580381,replan-dup-2,2,2,0,0,0,0,0,0.0
87,verify_before_retry,0,no_outage,42,68335025062396658,intent,full,0,same-node,edge-a,edge-a,0.0,True,0.5051826557580381,replan-dup-2,2,2,0,0,0,0,0,0.0
88,verify_before_retry,0,no_outage,42,6698051694149606845,intent,full,0,same-node,edge-a,edge-a,0.0,True,0.5051826557580381,replan-dup-2,2,2,0,0,0,0,0,0.0
89,verify_before_retry,0,no_outage,42,8402606909750095458,intent,full,0,same-node,edge-a,edge-a,0.0,True,0.5051826557580381,replan-dup-2,2,2,0,0,0,0,0,0.0
90,verify_before_retry,0,no_outage,42,174446398528958989,intent,full,0,same-node,edge-a,edge-a,0.0,True,0.5051826557580381,replan-dup-2,2,2,0,0,0,0,0,0.0
91,verify_before_retry,0,no_outage,42,4414108150412337204,intent,full,0,same-node,edge-a,edge-a,0.0,True,0.5051826557580381,replan-dup-2,2,2,0,0,0,0,0,0.0
92,verify_before_retry,0,no_outage,42,7362952648389148787,intent,full,0,same-node,edge-a,edge-a,0.0,True,0.5051826557580381,replan-dup-2,2,2,0,0,0,0,0,0.0
93,verify_before_retry,0,no_outage,42,3714224737584570142,intent,full,0,same-node,edge-a,edge-a,0.0,True,0.5051826557580381,replan-dup-2,2,2,0,0,0,0,0,0.0
94,verify_before_retry,0,no_outage,42,9086695984229727450,intent,full,0,same-node,edge-a,edge-a,0.0,True,0.5051826557580381,replan-dup-2,2,2,0,0,0,0,0,0.0
95,verify_before_retry,0,no_outage,42,3166694885589798364,intent,full,0,same-node,edge-a,edge-a,0.0,True,0.5051826557580381,replan-dup-2,2,2,0,0,0,0,0,0.0
96,verify_before_retry,0,no_outage,42,716045848445200549,intent,full,0,same-node,edge-a,edge-a,0.0,True,0.5051826557580381,replan-dup-2,2,2,0,0,0,0,0,0.0
97,verify_before_retry,0,no_outage,42,7348614536441525287,intent,full,0,same-node,edge-a,edge-a,0.0,True,0.5051826557580381,replan-dup-2,2,2,0,0,0,0,0,0.0
98,verify_before_retry,0,no_outage,42,5321683269151686915,intent,full,0,same-node,edge-a,edge-a,0.0,True,0.5051826557580381,replan-dup-2,2,2,0,0,0,0,0,0.0
99,verify_before_retry,0,no_outage,42,8857531594831253301,intent,full,0,same-node,edge-a,edge-a,0.0,True,0.5051826557580381,replan-dup-2,2,2,0,0,0,0,0,0.0
0,verify_before_retry,10,short_outage,42,6191984797410827131,intent,full,0,same-node,edge-a,edge-a,0.0,True,0.5051826557580381,replan-dup-2,2,2,0,0,0,0,0,0.0
1,verify_before_retry,10,short_outage,42,2896484960857489859,intent,full,0,same-node,edge-a,edge-a,0.0,True,0.5051826557580381,replan-dup-2,2,2,0,0,0,0,0,0.0
2,verify_before_retry,10,short_outage,42,2606377743978818682,intent,full,0,same-node,edge-a,edge-a,0.0,True,0.5051826557580381,replan-dup-2,2,2,0,0,0,0,0,0.0
3,verify_before_retry,10,short_outage,42,328270889162227217,intent,full,0,same-node,edge-a,edge-a,0.0,True,0.5051826557580381,replan-dup-2,2,2,0,0,0,0,0,0.0
4,verify_before_retry,10,short_outage,42,2111801643446162116,intent,full,0,same-node,edge-a,edge-a,0.0,True,0.5051826557580381,replan-dup-2,2,2,0,0,0,0,0,0.0
5,verify_before_retry,10,short_outage,42,884604140062158771,intent,full,0,same-node,edge-a,edge-a,0.0,True,0.5051826557580381,replan-dup-2,2,2,0,0,0,0,0,0.0
6,verify_before_retry,10,short_outage,42,2289129244262534271,intent,full,0,same-node,edge-a,edge-a,0.0,True,0.5051826557580381,replan-dup-2,2,2,0,0,0,0,0,0.0
7,verify_before_retry,10,short_outage,42,1940501879596139759,intent,full,0,same-node,edge-a,edge-a,0.0,True,0.5051826557580381,replan-dup-2,2,2,0,0,0,0,0,0.0
8,verify_before_retry,10,short_outage,42,6854540189689374286,intent,full,0,same-node,edge-a,edge-a,0.0,True,0.5051826557580381,replan-dup-2,2,2,0,0,0,0,0,0.0
9,verify_before_retry,10,short_outage,42,4350655177724058814,intent,full,0,same-node,edge-a,edge-a,0.0,True,0.5051826557580381,replan-dup-2,2,2,0,0,0,0,0,0.0
10,verify_before_retry,10,short_outage,42,1676505825566416525,intent,full,0,same-node,edge-a,edge-a,0.0,True,0.5051826557580381,replan-dup-2,2,2,0,0,0,0,0,0.0
11,verify_before_retry,10,short_outage,42,3050798340532161693,intent,full,0,same-node,edge-a,edge-a,0.0,True,0.5051826557580381,replan-dup-2,2,2,0,0,0,0,0,0.0
12,verify_before_retry,10,short_outage,42,8975466488452544684,intent,full,0,same-node,edge-a,edge-a,0.0,True,0.5051826557580381,replan-dup-2,2,2,0,0,0,0,0,0.0
13,verify_before_retry,10,short_outage,42,8054949437925868594,intent,full,0,same-node,edge-a,edge-a,0.0,True,0.5051826557580381,replan-dup-2,2,2,0,0,0,0,0,0.0
14,verify_before_retry,10,short_outage,42,8756229295933183430,intent,full,0,same-node,edge-a,edge-a,0.0,True,0.5051826557580381,replan-dup-2,2,2,0,0,0,0,0,0.0
15,verify_before_retry,10,short_outage,42,3530036741101948852,intent,full,0,same-node,edge-a,edge-a,0.0,True,0.5051826557580381,replan-dup-2,2,2,0,0,0,0,0,0.0
16,verify_before_retry,10,short_outage,42,6203216249623476863,intent,full,0,same-node,edge-a,edge-a,0.0,True,0.5051826557580381,replan-dup-2,2,2,0,0,0,0,0,0.0
17,verify_before_retry,10,short_outage,42,3202509950102523720,intent,full,0,same-node,edge-a,edge-a,0.0,True,0.5051826557580381,replan-dup-2,2,2,0,0,0,0,0,0.0
18,verify_before_retry,10,short_outage,42,2736809174319984138,intent,full,0,same-node,edge-a,edge-a,0.0,True,0.5051826557580381,replan-dup-2,2,2,0,0,0,0,0,0.0
19,verify_before_retry,10,short_outage,42,8848102238503628896,intent,full,0,same-node,edge-a,edge-a,0.0,True,0.5051826557580381,replan-dup-2,2,2,0,0,0,0,0,0.0
20,verify_before_retry,10,short_outage,42,9095700055766121241,intent,full,0,same-node,edge-a,edge-a,0.0,True,0.5051826557580381,replan-dup-2,2,2,0,0,0,0,0,0.0
21,verify_before_retry,10,short_outage,42,6830743513534223624,intent,full,0,same-node,edge-a,edge-a,0.0,True,0.5051826557580381,replan-dup-2,2,2,0,0,0,0,0,0.0
22,verify_before_retry,10,short_outage,42,9090434916820770261,intent,full,0,same-node,edge-a,edge-a,0.0,True,0.5051826557580381,replan-dup-2,2,2,0,0,0,0,0,0.0
23,verify_before_retry,10,short_outage,42,9222937335753060576,intent,full,0,same-node,edge-a,edge-a,0.0,True,0.5051826557580381,replan-dup-2,2,2,0,0,0,0,0,0.0
24,verify_before_retry,10,short_outage,42,2240974933568099703,intent,full,0,same-node,edge-a,edge-a,0.0,True,0.5051826557580381,replan-dup-2,2,2,0,0,0,0,0,0.0
25,verify_before_retry,10,short_outage,42,8117090894301504936,intent,full,0,same-node,edge-a,edge-a,0.0,True,0.5051826557580381,replan-dup-2,2,2,0,0,0,0,0,0.0
26,verify_before_retry,10,short_outage,42,7668875081836999043,intent,full,0,same-node,edge-a,edge-a,0.0,True,0.5051826557580381,replan-dup-2,2,2,0,0,0,0,0,0.0
27,verify_before_retry,10,short_outage,42,7385872437776768687,intent,full,0,same-node,edge-a,edge-a,0.0,True,0.5051826557580381,replan-dup-2,2,2,0,0,0,0,0,0.0
28,verify_before_retry,10,short_outage,42,115710482763546155,intent,full,0,same-node,edge-a,edge-a,0.0,True,0.5051826557580381,replan-dup-2,2,2,0,0,0,0,0,0.0
29,verify_before_retry,10,short_outage,42,4433076308862929659,intent,full,0,same-node,edge-a,edge-a,0.0,True,0.5051826557580381,replan-dup-2,2,2,0,0,0,0,0,0.0
30,verify_before_retry,10,short_outage,42,7716391641572858657,intent,full,0,same-node,edge-a,edge-a,0.0,True,0.5051826557580381,replan-dup-2,2,2,0,0,0,0,0,0.0
31,verify_before_retry,10,short_outage,42,520199934589607758,intent,full,0,same-node,edge-a,edge-a,0.0,True,0.5051826557580381,replan-dup-2,2,2,0,0,0,0,0,0.0
32,verify_before_retry,10,short_outage,42,8665938030399516650,intent,full,0,same-node,edge-a,edge-a,0.0,True,0.5051826557580381,replan-dup-2,2,2,0,0,0,0,0,0.0
33,verify_before_retry,10,short_outage,42,5909312909707643185,intent,full,0,same-node,edge-a,edge-a,0.0,True,0.5051826557580381,replan-dup-2,2,2,0,0,0,0,0,0.0
34,verify_before_retry,10,short_outage,42,6405077327994195481,intent,full,0,same-node,edge-a,edge-a,0.0,True,0.5051826557580381,replan-dup-2,2,2,0,0,0,0,0,0.0
35,verify_before_retry,10,short_outage,42,5251235335003336217,intent,full,0,same-node,edge-a,edge-a,0.0,True,0.5051826557580381,replan-dup-2,2,2,0,0,0,0,0,0.0
36,verify_before_retry,10,short_outage,42,6556225289409631961,intent,full,0,same-node,edge-a,edge-a,0.0,True,0.5051826557580381,replan-dup-2,2,2,0,0,0,0,0,0.0
37,verify_before_retry,10,short_outage,42,7621761514705563881,intent,full,0,same-node,edge-a,edge-a,0.0,True,0.5051826557580381,replan-dup-2,2,2,0,0,0,0,0,0.0
38,verify_before_retry,10,short_outage,42,7530380876745173599,intent,full,0,same-node,edge-a,edge-a,0.0,True,0.5051826557580381,replan-dup-2,2,2,0,0,0,0,0,0.0
39,verify_before_retry,10,short_outage,42,2301325222913223907,intent,full,0,same-node,edge-a,edge-a,0.0,True,0.5051826557580381,replan-dup-2,2,2,0,0,0,0,0,0.0
40,verify_before_retry,10,short_outage,42,1560865761087733038,intent,full,0,same-node,edge-a,edge-a,0.0,True,0.5051826557580381,replan-dup-2,2,2,0,0,0,0,0,0.0
41,verify_before_retry,10,short_outage,42,7177237263333349397,intent,full,0,same-node,edge-a,edge-a,0.0,True,0.5051826557580381,replan-dup-2,2,2,0,0,0,0,0,0.0
42,verify_before_retry,10,short_outage,42,9047057368919365984,intent,full,0,same-node,edge-a,edge-a,0.0,True,0.5051826557580381,replan-dup-2,2,2,0,0,0,0,0,0.0
43,verify_before_retry,10,short_outage,42,6180061417466802546,intent,full,0,same-node,edge-a,edge-a,0.0,True,0.5051826557580381,replan-dup-2,2,2,0,0,0,0,0,0.0
44,verify_before_retry,10,short_outage,42,4715510824726984216,intent,full,0,same-node,edge-a,edge-a,0.0,True,0.5051826557580381,replan-dup-2,2,2,0,0,0,0,0,0.0
45,verify_before_retry,10,short_outage,42,336384073360254880,intent,full,0,same-node,edge-a,edge-a,0.0,True,0.5051826557580381,replan-dup-2,2,2,0,0,0,0,0,0.0
46,verify_before_retry,10,short_outage,42,7948170977586709203,intent,full,0,same-node,edge-a,edge-a,0.0,True,0.5051826557580381,replan-dup-2,2,2,0,0,0,0,0,0.0
47,verify_before_retry,10,short_outage,42,1126556281787528691,intent,full,0,same-node,edge-a,edge-a,0.0,True,0.5051826557580381,replan-dup-2,2,2,0,0,0,0,0,0.0
48,verify_before_retry,10,short_outage,42,7078524296452375759,intent,full,0,same-node,edge-a,edge-a,0.0,True,0.5051826557580381,replan-dup-2,2,2,0,0,0,0,0,0.0
49,verify_before_retry,10,short_outage,42,5476626624035737216,intent,full,0,same-node,edge-a,edge-a,0.0,True,0.5051826557580381,replan-dup-2,2,2,0,0,0,0,0,0.0
50,verify_before_retry,10,short_outage,42,8380409551287563278,intent,full,0,same-node,edge-a,edge-a,0.0,True,0.5051826557580381,replan-dup-2,2,2,0,0,0,0,0,0.0
51,verify_before_retry,10,short_outage,42,4156355075245768997,intent,full,0,same-node,edge-a,edge-a,0.0,True,0.5051826557580381,replan-dup-2,2,2,0,0,0,0,0,0.0
52,verify_before_retry,10,short_outage,42,4470112694971204466,intent,full,0,same-node,edge-a,edge-a,0.0,True,0.5051826557580381,replan-dup-2,2,2,0,0,0,0,0,0.0
53,verify_before_retry,10,short_outage,42,2557931028926558476,intent,full,0,same-node,edge-a,edge-a,0.0,True,0.5051826557580381,replan-dup-2,2,2,0,0,0,0,0,0.0
54,verify_before_retry,10,short_outage,42,7451100975349109491,intent,full,0,same-node,edge-a,edge-a,0.0,True,0.5051826557580381,replan-dup-2,2,2,0,0,0,0,0,0.0
55,verify_before_retry,10,short_outage,42,4014212617321311254,intent,full,0,same-node,edge-a,edge-a,0.0,True,0.5051826557580381,replan-dup-2,2,2,0,0,0,0,0,0.0
56,verify_before_retry,10,short_outage,42,4693909493272787208,intent,full,0,same-node,edge-a,edge-a,0.0,True,0.5051826557580381,replan-dup-2,2,2,0,0,0,0,0,0.0
57,verify_before_retry,10,short_outage,42,8162443706023900428,intent,full,0,same-node,edge-a,edge-a,0.0,True,0.5051826557580381,replan-dup-2,2,2,0,0,0,0,0,0.0
58,verify_before_retry,10,short_outage,42,8228615036745144923,intent,full,0,same-node,edge-a,edge-a,0.0,True,0.5051826557580381,replan-dup-2,2,2,0,0,0,0,0,0.0
59,verify_before_retry,10,short_outage,42,2197057741598382212,intent,full,0,same-node,edge-a,edge-a,0.0,True,0.5051826557580381,replan-dup-2,2,2,0,0,0,0,0,0.0
60,verify_before_retry,10,short_outage,42,2251476103239459419,intent,full,0,same-node,edge-a,edge-a,0.0,True,0.5051826557580381,replan-dup-2,2,2,0,0,0,0,0,0.0
61,verify_before_retry,10,short_outage,42,4777251913098414778,intent,full,0,same-node,edge-a,edge-a,0.0,True,0.5051826557580381,replan-dup-2,2,2,0,0,0,0,0,0.0
62,verify_before_retry,10,short_outage,42,2664981451474542149,intent,full,0,same-node,edge-a,edge-a,0.0,True,0.5051826557580381,replan-dup-2,2,2,0,0,0,0,0,0.0
63,verify_before_retry,10,short_outage,42,2661999760008752701,intent,full,0,same-node,edge-a,edge-a,0.0,True,0.5051826557580381,replan-dup-2,2,2,0,0,0,0,0,0.0
64,verify_before_retry,10,short_outage,42,1334871487124001516,intent,full,0,same-node,edge-a,edge-a,0.0,True,0.5051826557580381,replan-dup-2,2,2,0,0,0,0,0,0.0
65,verify_before_retry,10,short_outage,42,6681433591378752709,intent,full,0,same-node,edge-a,edge-a,0.0,True,0.5051826557580381,replan-dup-2,2,2,0,0,0,0,0,0.0
66,verify_before_retry,10,short_outage,42,5345551599680527506,intent,full,0,same-node,edge-a,edge-a,0.0,True,0.5051826557580381,replan-dup-2,2,2,0,0,0,0,0,0.0
67,verify_before_retry,10,short_outage,42,3288923387518356916,intent,full,0,same-node,edge-a,edge-a,0.0,True,0.5051826557580381,replan-dup-2,2,2,0,0,0,0,0,0.0
68,verify_before_retry,10,short_outage,42,2864424820984638209,intent,full,0,same-node,edge-a,edge-a,0.0,True,0.5051826557580381,replan-dup-2,2,2,0,0,0,0,0,0.0
69,verify_before_retry,10,short_outage,42,5884417524329231538,intent,full,0,same-node,edge-a,edge-a,0.0,True,0.5051826557580381,replan-dup-2,2,2,0,0,0,0,0,0.0
70,verify_before_retry,10,short_outage,42,6576592126160542450,intent,full,0,same-node,edge-a,edge-a,0.0,True,0.5051826557580381,replan-dup-2,2,2,0,0,0,0,0,0.0
71,verify_before_retry,10,short_outage,42,2979380105822278024,intent,full,0,same-node,edge-a,edge-a,0.0,True,0.5051826557580381,replan-dup-2,2,2,0,0,0,0,0,0.0
72,verify_before_retry,10,short_outage,42,6398070967279051788,intent,full,0,same-node,edge-a,edge-a,0.0,True,0.5051826557580381,replan-dup-2,2,2,0,0,0,0,0,0.0
73,verify_before_retry,10,short_outage,42,8532082397787101472,intent,full,0,same-node,edge-a,edge-a,0.0,True,0.5051826557580381,replan-dup-2,2,2,0,0,0,0,0,0.0
74,verify_before_retry,10,short_outage,42,95531319204473371,intent,full,0,same-node,edge-a,edge-a,0.0,True,0.5051826557580381,replan-dup-2,2,2,0,0,0,0,0,0.0
75,verify_before_retry,10,short_outage,42,525294815552134142,intent,full,0,same-node,edge-a,edge-a,0.0,True,0.5051826557580381,replan-dup-2,2,2,0,0,0,0,0,0.0
76,verify_before_retry,10,short_outage,42,9112398031625781336,intent,full,0,same-node,edge-a,edge-a,0.0,True,0.5051826557580381,replan-dup-2,2,2,0,0,0,0,0,0.0
77,verify_before_retry,10,short_outage,42,7196735319099535147,intent,full,0,same-node,edge-a,edge-a,0.0,True,0.5051826557580381,replan-dup-2,2,2,0,0,0,0,0,0.0
78,verify_before_retry,10,short_outage,42,5141670120688474175,intent,full,0,same-node,edge-a,edge-a,0.0,True,0.5051826557580381,replan-dup-2,2,2,0,0,0,0,0,0.0
79,verify_before_retry,10,short_outage,42,2242706971218750807,intent,full,0,same-node,edge-a,edge-a,0.0,True,0.5051826557580381,replan-dup-2,2,2,0,0,0,0,0,0.0
80,verify_before_retry,10,short_outage,42,6993942245707728612,intent,full,0,same-node,edge-a,edge-a,0.0,True,0.5051826557580381,replan-dup-2,2,2,0,0,0,0,0,0.0
81,verify_before_retry,10,short_outage,42,2741808488854966881,intent,full,0,same-node,edge-a,edge-a,0.0,True,0.5051826557580381,replan-dup-2,2,2,0,0,0,0,0,0.0
82,verify_before_retry,10,short_outage,42,3072754836976573187,intent,full,0,same-node,edge-a,edge-a,0.0,True,0.5051826557580381,replan-dup-2,2,2,0,0,0,0,0,0.0
83,verify_before_retry,10,short_outage,42,4777073405043836069,intent,full,0,same-node,edge-a,edge-a,0.0,True,0.5051826557580381,replan-dup-2,2,2,0,0,0,0,0,0.0
84,verify_before_retry,10,short_outage,42,6602145641533055193,intent,full,0,same-node,edge-a,edge-a,0.0,True,0.5051826557580381,replan-dup-2,2,2,0,0,0,0,0,0.0
85,verify_before_retry,10,short_outage,42,3968598375931951146,intent,full,0,same-node,edge-a,edge-a,0.0,True,0.5051826557580381,replan-dup-2,2,2,0,0,0,0,0,0.0
86,verify_before_retry,10,short_outage,42,1574833948685671710,intent,full,0,same-node,edge-a,edge-a,0.0,True,0.5051826557580381,replan-dup-2,2,2,0,0,0,0,0,0.0
87,verify_before_retry,10,short_outage,42,7788225709437143086,intent,full,0,same-node,edge-a,edge-a,0.0,True,0.5051826557580381,replan-dup-2,2,2,0,0,0,0,0,0.0
88,verify_before_retry,10,short_outage,42,9092775922677664563,intent,full,0,same-node,edge-a,edge-a,0.0,True,0.5051826557580381,replan-dup-2,2,2,0,0,0,0,0,0.0
89,verify_before_retry,10,short_outage,42,6580979572820658819,intent,full,0,same-node,edge-a,edge-a,0.0,True,0.5051826557580381,replan-dup-2,2,2,0,0,0,0,0,0.0
90,verify_before_retry,10,short_outage,42,8032022471200948231,intent,full,0,same-node,edge-a,edge-a,0.0,True,0.5051826557580381,replan-dup-2,2,2,0,0,0,0,0,0.0
91,verify_before_retry,10,short_outage,42,3109439170822835807,intent,full,0,same-node,edge-a,edge-a,0.0,True,0.5051826557580381,replan-dup-2,2,2,0,0,0,0,0,0.0
92,verify_before_retry,10,short_outage,42,5036200237168945489,intent,full,0,same-node,edge-a,edge-a,0.0,True,0.5051826557580381,replan-dup-2,2,2,0,0,0,0,0,0.0
93,verify_before_retry,10,short_outage,42,6704686126251384136,intent,full,0,same-node,edge-a,edge-a,0.0,True,0.5051826557580381,replan-dup-2,2,2,0,0,0,0,0,0.0
94,verify_before_retry,10,short_outage,42,8197038912631099643,intent,full,0,same-node,edge-a,edge-a,0.0,True,0.5051826557580381,replan-dup-2,2,2,0,0,0,0,0,0.0
95,verify_before_retry,10,short_outage,42,1386536523753579452,intent,full,0,same-node,edge-a,edge-a,0.0,True,0.5051826557580381,replan-dup-2,2,2,0,0,0,0,0,0.0
96,verify_before_retry,10,short_outage,42,6855475538550678132,intent,full,0,same-node,edge-a,edge-a,0.0,True,0.5051826557580381,replan-dup-2,2,2,0,0,0,0,0,0.0
97,verify_before_retry,10,short_outage,42,8002792858045170789,intent,full,0,same-node,edge-a,edge-a,0.0,True,0.5051826557580381,replan-dup-2,2,2,0,0,0,0,0,0.0
98,verify_before_retry,10,short_outage,42,5846718916730348218,intent,full,0,same-node,edge-a,edge-a,0.0,True,0.5051826557580381,replan-dup-2,2,2,0,0,0,0,0,0.0
99,verify_before_retry,10,short_outage,42,4076702431889383414,intent,full,0,same-node,edge-a,edge-a,0.0,True,0.5051826557580381,replan-dup-2,2,2,0,0,0,0,0,0.0
0,verify_before_retry,90,baseline,42,8563020943237905875,intent,full,0,same-node,edge-a,edge-a,0.0,True,0.5051826557580381,replan-dup-2,2,2,0,1,0,0,1,0.5
1,verify_before_retry,90,baseline,42,7791135756136008868,intent,full,0,same-node,edge-a,edge-a,0.0,True,0.5051826557580381,replan-dup-2,2,2,0,1,0,0,1,0.5
2,verify_before_retry,90,baseline,42,2618369634130771754,intent,full,0,same-node,edge-a,edge-a,0.0,True,0.5051826557580381,replan-dup-2,2,2,0,1,0,0,1,0.5
3,verify_before_retry,90,baseline,42,3663145761195897084,intent,full,0,same-node,edge-a,edge-a,0.0,True,0.5051826557580381,replan-dup-2,2,2,0,1,0,0,1,0.5
4,verify_before_retry,90,baseline,42,7533190796011681356,intent,full,0,same-node,edge-a,edge-a,0.0,True,0.5051826557580381,replan-dup-2,2,2,0,1,0,0,1,0.5
5,verify_before_retry,90,baseline,42,6366614448850402973,intent,full,0,same-node,edge-a,edge-a,0.0,True,0.5051826557580381,replan-dup-2,2,2,0,1,0,0,1,0.5
6,verify_before_retry,90,baseline,42,2487875163183023471,intent,full,0,same-node,edge-a,edge-a,0.0,True,0.5051826557580381,replan-dup-2,2,2,0,1,0,0,1,0.5
7,verify_before_retry,90,baseline,42,346805512887026185,intent,full,0,same-node,edge-a,edge-a,0.0,True,0.5051826557580381,replan-dup-2,2,2,0,1,0,0,1,0.5
8,verify_before_retry,90,baseline,42,5296558199475957130,intent,full,0,same-node,edge-a,edge-a,0.0,True,0.5051826557580381,replan-dup-2,2,2,0,1,0,0,1,0.5
9,verify_before_retry,90,baseline,42,928846346158884309,intent,full,0,same-node,edge-a,edge-a,0.0,True,0.5051826557580381,replan-dup-2,2,2,0,1,0,0,1,0.5
10,verify_before_retry,90,baseline,42,8484437801168242385,intent,full,0,same-node,edge-a,edge-a,0.0,True,0.5051826557580381,replan-dup-2,2,2,0,1,0,0,1,0.5
11,verify_before_retry,90,baseline,42,6354912272838919660,intent,full,0,same-node,edge-a,edge-a,0.0,True,0.5051826557580381,replan-dup-2,2,2,0,1,0,0,1,0.5
12,verify_before_retry,90,baseline,42,7380659935264533858,intent,full,0,same-node,edge-a,edge-a,0.0,True,0.5051826557580381,replan-dup-2,2,2,0,1,0,0,1,0.5
13,verify_before_retry,90,baseline,42,6541105898901234254,intent,full,0,same-node,edge-a,edge-a,0.0,True,0.5051826557580381,replan-dup-2,2,2,0,1,0,0,1,0.5
14,verify_before_retry,90,baseline,42,113276414947741418,intent,full,0,same-node,edge-a,edge-a,0.0,True,0.5051826557580381,replan-dup-2,2,2,0,1,0,0,1,0.5
15,verify_before_retry,90,baseline,42,2167467304279123152,intent,full,0,same-node,edge-a,edge-a,0.0,True,0.5051826557580381,replan-dup-2,2,2,0,1,0,0,1,0.5
16,verify_before_retry,90,baseline,42,8723271208220197361,intent,full,0,same-node,edge-a,edge-a,0.0,True,0.5051826557580381,replan-dup-2,2,2,0,1,0,0,1,0.5
17,verify_before_retry,90,baseline,42,4455357423791763106,intent,full,0,same-node,edge-a,edge-a,0.0,True,0.5051826557580381,replan-dup-2,2,2,0,1,0,0,1,0.5
18,verify_before_retry,90,baseline,42,3935572700035181209,intent,full,0,same-node,edge-a,edge-a,0.0,True,0.5051826557580381,replan-dup-2,2,2,0,1,0,0,1,0.5
19,verify_before_retry,90,baseline,42,568222322685579300,intent,full,0,same-node,edge-a,edge-a,0.0,True,0.5051826557580381,replan-dup-2,2,2,0,1,0,0,1,0.5
20,verify_before_retry,90,baseline,42,120859735237249153,intent,full,0,same-node,edge-a,edge-a,0.0,True,0.5051826557580381,replan-dup-2,2,2,0,1,0,0,1,0.5
21,verify_before_retry,90,baseline,42,7230836497039685155,intent,full,0,same-node,edge-a,edge-a,0.0,True,0.5051826557580381,replan-dup-2,2,2,0,1,0,0,1,0.5
22,verify_before_retry,90,baseline,42,3201822204771745459,intent,full,0,same-node,edge-a,edge-a,0.0,True,0.5051826557580381,replan-dup-2,2,2,0,1,0,0,1,0.5
23,verify_before_retry,90,baseline,42,1688231644235483398,intent,full,0,same-node,edge-a,edge-a,0.0,True,0.5051826557580381,replan-dup-2,2,2,0,1,0,0,1,0.5
24,verify_before_retry,90,baseline,42,4876262310769969233,intent,full,0,same-node,edge-a,edge-a,0.0,True,0.5051826557580381,replan-dup-2,2,2,0,1,0,0,1,0.5
25,verify_before_retry,90,baseline,42,5899048613537552454,intent,full,0,same-node,edge-a,edge-a,0.0,True,0.5051826557580381,replan-dup-2,2,2,0,1,0,0,1,0.5
26,verify_before_retry,90,baseline,42,1358753683758146956,intent,full,0,same-node,edge-a,edge-a,0.0,True,0.5051826557580381,replan-dup-2,2,2,0,1,0,0,1,0.5
27,verify_before_retry,90,baseline,42,4283683986789871216,intent,full,0,same-node,edge-a,edge-a,0.0,True,0.5051826557580381,replan-dup-2,2,2,0,1,0,0,1,0.5
28,verify_before_retry,90,baseline,42,429459286321983639,intent,full,0,same-node,edge-a,edge-a,0.0,True,0.5051826557580381,replan-dup-2,2,2,0,1,0,0,1,0.5
29,verify_before_retry,90,baseline,42,9151515061563670244,intent,full,0,same-node,edge-a,edge-a,0.0,True,0.5051826557580381,replan-dup-2,2,2,0,1,0,0,1,0.5
30,verify_before_retry,90,baseline,42,6726318297369764757,intent,full,0,same-node,edge-a,edge-a,0.0,True,0.5051826557580381,replan-dup-2,2,2,0,1,0,0,1,0.5
31,verify_before_retry,90,baseline,42,7881316560978560597,intent,full,0,same-node,edge-a,edge-a,0.0,True,0.5051826557580381,replan-dup-2,2,2,0,1,0,0,1,0.5
32,verify_before_retry,90,baseline,42,7706703928148251064,intent,full,0,same-node,edge-a,edge-a,0.0,True,0.5051826557580381,replan-dup-2,2,2,0,1,0,0,1,0.5
33,verify_before_retry,90,baseline,42,7274964495889673608,intent,full,0,same-node,edge-a,edge-a,0.0,True,0.5051826557580381,replan-dup-2,2,2,0,1,0,0,1,0.5
34,verify_before_retry,90,baseline,42,5860969072181103727,intent,full,0,same-node,edge-a,edge-a,0.0,True,0.5051826557580381,replan-dup-2,2,2,0,1,0,0,1,0.5
35,verify_before_retry,90,baseline,42,5807677064619554965,intent,full,0,same-node,edge-a,edge-a,0.0,True,0.5051826557580381,replan-dup-2,2,2,0,1,0,0,1,0.5
36,verify_before_retry,90,baseline,42,625589760295030175,intent,full,0,same-node,edge-a,edge-a,0.0,True,0.5051826557580381,replan-dup-2,2,2,0,1,0,0,1,0.5
37,verify_before_retry,90,baseline,42,4791171189133394198,intent,full,0,same-node,edge-a,edge-a,0.0,True,0.5051826557580381,replan-dup-2,2,2,0,1,0,0,1,0.5
38,verify_before_retry,90,baseline,42,3303973842564743327,intent,full,0,same-node,edge-a,edge-a,0.0,True,0.5051826557580381,replan-dup-2,2,2,0,1,0,0,1,0.5
39,verify_before_retry,90,baseline,42,6678889679254940768,intent,full,0,same-node,edge-a,edge-a,0.0,True,0.5051826557580381,replan-dup-2,2,2,0,1,0,0,1,0.5
40,verify_before_retry,90,baseline,42,4779377553362890722,intent,full,0,same-node,edge-a,edge-a,0.0,True,0.5051826557580381,replan-dup-2,2,2,0,1,0,0,1,0.5
41,verify_before_retry,90,baseline,42,918408330405191663,intent,full,0,same-node,edge-a,edge-a,0.0,True,0.5051826557580381,replan-dup-2,2,2,0,1,0,0,1,0.5
42,verify_before_retry,90,baseline,42,8018816673879309060,intent,full,0,same-node,edge-a,edge-a,0.0,True,0.5051826557580381,replan-dup-2,2,2,0,1,0,0,1,0.5
43,verify_before_retry,90,baseline,42,8546741080732732193,intent,full,0,same-node,edge-a,edge-a,0.0,True,0.5051826557580381,replan-dup-2,2,2,0,1,0,0,1,0.5
44,verify_before_retry,90,baseline,42,5761017549684803025,intent,full,0,same-node,edge-a,edge-a,0.0,True,0.5051826557580381,replan-dup-2,2,2,0,1,0,0,1,0.5
45,verify_before_retry,90,baseline,42,2402490435664261586,intent,full,0,same-node,edge-a,edge-a,0.0,True,0.5051826557580381,replan-dup-2,2,2,0,1,0,0,1,0.5
46,verify_before_retry,90,baseline,42,90636688031276644,intent,full,0,same-node,edge-a,edge-a,0.0,True,0.5051826557580381,replan-dup-2,2,2,0,1,0,0,1,0.5
47,verify_before_retry,90,baseline,42,1112603396813566874,intent,full,0,same-node,edge-a,edge-a,0.0,True,0.5051826557580381,replan-dup-2,2,2,0,1,0,0,1,0.5
48,verify_before_retry,90,baseline,42,3328544728929513422,intent,full,0,same-node,edge-a,edge-a,0.0,True,0.5051826557580381,replan-dup-2,2,2,0,1,0,0,1,0.5
49,verify_before_retry,90,baseline,42,3007455869946645446,intent,full,0,same-node,edge-a,edge-a,0.0,True,0.5051826557580381,replan-dup-2,2,2,0,1,0,0,1,0.5
50,verify_before_retry,90,baseline,42,2440608708856869821,intent,full,0,same-node,edge-a,edge-a,0.0,True,0.5051826557580381,replan-dup-2,2,2,0,1,0,0,1,0.5
51,verify_before_retry,90,baseline,42,5532406475594936930,intent,full,0,same-node,edge-a,edge-a,0.0,True,0.5051826557580381,replan-dup-2,2,2,0,1,0,0,1,0.5
52,verify_before_retry,90,baseline,42,2530130956954746055,intent,full,0,same-node,edge-a,edge-a,0.0,True,0.5051826557580381,replan-dup-2,2,2,0,1,0,0,1,0.5
53,verify_before_retry,90,baseline,42,263588675338071197,intent,full,0,same-node,edge-a,edge-a,0.0,True,0.5051826557580381,replan-dup-2,2,2,0,1,0,0,1,0.5
54,verify_before_retry,90,baseline,42,87989700962933784,intent,full,0,same-node,edge-a,edge-a,0.0,True,0.5051826557580381,replan-dup-2,2,2,0,1,0,0,1,0.5
55,verify_before_retry,90,baseline,42,5416038784946990725,intent,full,0,same-node,edge-a,edge-a,0.0,True,0.5051826557580381,replan-dup-2,2,2,0,1,0,0,1,0.5
56,verify_before_retry,90,baseline,42,943022762043752362,intent,full,0,same-node,edge-a,edge-a,0.0,True,0.5051826557580381,replan-dup-2,2,2,0,1,0,0,1,0.5
57,verify_before_retry,90,baseline,42,1791776495703874037,intent,full,0,same-node,edge-a,edge-a,0.0,True,0.5051826557580381,replan-dup-2,2,2,0,1,0,0,1,0.5
58,verify_before_retry,90,baseline,42,1835459581108344186,intent,full,0,same-node,edge-a,edge-a,0.0,True,0.5051826557580381,replan-dup-2,2,2,0,1,0,0,1,0.5
59,verify_before_retry,90,baseline,42,5226669197097095959,intent,full,0,same-node,edge-a,edge-a,0.0,True,0.5051826557580381,replan-dup-2,2,2,0,1,0,0,1,0.5
60,verify_before_retry,90,baseline,42,2000461636768571989,intent,full,0,same-node,edge-a,edge-a,0.0,True,0.5051826557580381,replan-dup-2,2,2,0,1,0,0,1,0.5
61,verify_before_retry,90,baseline,42,7573121348653355813,intent,full,0,same-node,edge-a,edge-a,0.0,True,0.5051826557580381,replan-dup-2,2,2,0,1,0,0,1,0.5
62,verify_before_retry,90,baseline,42,8326543871554370933,intent,full,0,same-node,edge-a,edge-a,0.0,True,0.5051826557580381,replan-dup-2,2,2,0,1,0,0,1,0.5
63,verify_before_retry,90,baseline,42,1709280842847727809,intent,full,0,same-node,edge-a,edge-a,0.0,True,0.5051826557580381,replan-dup-2,2,2,0,1,0,0,1,0.5
64,verify_before_retry,90,baseline,42,8385658839482661401,intent,full,0,same-node,edge-a,edge-a,0.0,True,0.5051826557580381,replan-dup-2,2,2,0,1,0,0,1,0.5
65,verify_before_retry,90,baseline,42,2183616361773237477,intent,full,0,same-node,edge-a,edge-a,0.0,True,0.5051826557580381,replan-dup-2,2,2,0,1,0,0,1,0.5
66,verify_before_retry,90,baseline,42,7376160774586835478,intent,full,0,same-node,edge-a,edge-a,0.0,True,0.5051826557580381,replan-dup-2,2,2,0,1,0,0,1,0.5
67,verify_before_retry,90,baseline,42,5365214652848423619,intent,full,0,same-node,edge-a,edge-a,0.0,True,0.5051826557580381,replan-dup-2,2,2,0,1,0,0,1,0.5
68,verify_before_retry,90,baseline,42,898932982341390531,intent,full,0,same-node,edge-a,edge-a,0.0,True,0.5051826557580381,replan-dup-2,2,2,0,1,0,0,1,0.5
69,verify_before_retry,90,baseline,42,5121171778609635714,intent,full,0,same-node,edge-a,edge-a,0.0,True,0.5051826557580381,replan-dup-2,2,2,0,1,0,0,1,0.5
70,verify_before_retry,90,baseline,42,113031135346892531,intent,full,0,same-node,edge-a,edge-a,0.0,True,0.5051826557580381,replan-dup-2,2,2,0,1,0,0,1,0.5
71,verify_before_retry,90,baseline,42,3484088792444393335,intent,full,0,same-node,edge-a,edge-a,0.0,True,0.5051826557580381,replan-dup-2,2,2,0,1,0,0,1,0.5
72,verify_before_retry,90,baseline,42,8591586246246965008,intent,full,0,same-node,edge-a,edge-a,0.0,True,0.5051826557580381,replan-dup-2,2,2,0,1,0,0,1,0.5
73,verify_before_retry,90,baseline,42,9173397313890276493,intent,full,0,same-node,edge-a,edge-a,0.0,True,0.5051826557580381,replan-dup-2,2,2,0,1,0,0,1,0.5
74,verify_before_retry,90,baseline,42,2067723333074405932,intent,full,0,same-node,edge-a,edge-a,0.0,True,0.5051826557580381,replan-dup-2,2,2,0,1,0,0,1,0.5
75,verify_before_retry,90,baseline,42,5183023356747612398,intent,full,0,same-node,edge-a,edge-a,0.0,True,0.5051826557580381,replan-dup-2,2,2,0,1,0,0,1,0.5
76,verify_before_retry,90,baseline,42,864233870308806566,intent,full,0,same-node,edge-a,edge-a,0.0,True,0.5051826557580381,replan-dup-2,2,2,0,1,0,0,1,0.5
77,verify_before_retry,90,baseline,42,1261095250569671847,intent,full,0,same-node,edge-a,edge-a,0.0,True,0.5051826557580381,replan-dup-2,2,2,0,1,0,0,1,0.5
78,verify_before_retry,90,baseline,42,6374712702137915459,intent,full,0,same-node,edge-a,edge-a,0.0,True,0.5051826557580381,replan-dup-2,2,2,0,1,0,0,1,0.5
79,verify_before_retry,90,baseline,42,776655014802807006,intent,full,0,same-node,edge-a,edge-a,0.0,True,0.5051826557580381,replan-dup-2,2,2,0,1,0,0,1,0.5
80,verify_before_retry,90,baseline,42,457311142003832816,intent,full,0,same-node,edge-a,edge-a,0.0,True,0.5051826557580381,replan-dup-2,2,2,0,1,0,0,1,0.5
81,verify_before_retry,90,baseline,42,3880168287931590726,intent,full,0,same-node,edge-a,edge-a,0.0,True,0.5051826557580381,replan-dup-2,2,2,0,1,0,0,1,0.5
82,verify_before_retry,90,baseline,42,6358028249946539344,intent,full,0,same-node,edge-a,edge-a,0.0,True,0.5051826557580381,replan-dup-2,2,2,0,1,0,0,1,0.5
83,verify_before_retry,90,baseline,42,4211698270888822099,intent,full,0,same-node,edge-a,edge-a,0.0,True,0.5051826557580381,replan-dup-2,2,2,0,1,0,0,1,0.5
84,verify_before_retry,90,baseline,42,6714759878296864776,intent,full,0,same-node,edge-a,edge-a,0.0,True,0.5051826557580381,replan-dup-2,2,2,0,1,0,0,1,0.5
85,verify_before_retry,90,baseline,42,928134191240366967,intent,full,0,same-node,edge-a,edge-a,0.0,True,0.5051826557580381,replan-dup-2,2,2,0,1,0,0,1,0.5
86,verify_before_retry,90,baseline,42,1566402462540880005,intent,full,0,same-node,edge-a,edge-a,0.0,True,0.5051826557580381,replan-dup-2,2,2,0,1,0,0,1,0.5
87,verify_before_retry,90,baseline,42,723217983086444009,intent,full,0,same-node,edge-a,edge-a,0.0,True,0.5051826557580381,replan-dup-2,2,2,0,1,0,0,1,0.5
88,verify_before_retry,90,baseline,42,8513467839022131939,intent,full,0,same-node,edge-a,edge-a,0.0,True,0.5051826557580381,replan-dup-2,2,2,0,1,0,0,1,0.5
89,verify_before_retry,90,baseline,42,4107555794484536110,intent,full,0,same-node,edge-a,edge-a,0.0,True,0.5051826557580381,replan-dup-2,2,2,0,1,0,0,1,0.5
90,verify_before_retry,90,baseline,42,5721347621337560805,intent,full,0,same-node,edge-a,edge-a,0.0,True,0.5051826557580381,replan-dup-2,2,2,0,1,0,0,1,0.5
91,verify_before_retry,90,baseline,42,4793425518210110944,intent,full,0,same-node,edge-a,edge-a,0.0,True,0.5051826557580381,replan-dup-2,2,2,0,1,0,0,1,0.5
92,verify_before_retry,90,baseline,42,3974372033874839054,intent,full,0,same-node,edge-a,edge-a,0.0,True,0.5051826557580381,replan-dup-2,2,2,0,1,0,0,1,0.5
93,verify_before_retry,90,baseline,42,1604006444994859786,intent,full,0,same-node,edge-a,edge-a,0.0,True,0.5051826557580381,replan-dup-2,2,2,0,1,0,0,1,0.5
94,verify_before_retry,90,baseline,42,8831663900811058310,intent,full,0,same-node,edge-a,edge-a,0.0,True,0.5051826557580381,replan-dup-2,2,2,0,1,0,0,1,0.5
95,verify_before_retry,90,baseline,42,5230623479621022650,intent,full,0,same-node,edge-a,edge-a,0.0,True,0.5051826557580381,replan-dup-2,2,2,0,1,0,0,1,0.5
96,verify_before_retry,90,baseline,42,5017691157751189346,intent,full,0,same-node,edge-a,edge-a,0.0,True,0.5051826557580381,replan-dup-2,2,2,0,1,0,0,1,0.5
97,verify_before_retry,90,baseline,42,786890467891561627,intent,full,0,same-node,edge-a,edge-a,0.0,True,0.5051826557580381,replan-dup-2,2,2,0,1,0,0,1,0.5
98,verify_before_retry,90,baseline,42,112497182759722570,intent,full,0,same-node,edge-a,edge-a,0.0,True,0.5051826557580381,replan-dup-2,2,2,0,1,0,0,1,0.5
99,verify_before_retry,90,baseline,42,7414927367284753623,intent,full,0,same-node,edge-a,edge-a,0.0,True,0.5051826557580381,replan-dup-2,2,2,0,1,0,0,1,0.5
0,verify_before_retry,300,long_outage,42,4149609793363988972,intent,full,0,same-node,edge-a,edge-a,0.0,True,0.5051826557580381,replan-dup-2,2,2,0,1,0,0,1,0.5
1,verify_before_retry,300,long_outage,42,7113097199821950513,intent,full,0,same-node,edge-a,edge-a,0.0,True,0.5051826557580381,replan-dup-2,2,2,0,1,0,0,1,0.5
2,verify_before_retry,300,long_outage,42,7218264687112607172,intent,full,0,same-node,edge-a,edge-a,0.0,True,0.5051826557580381,replan-dup-2,2,2,0,1,0,0,1,0.5
3,verify_before_retry,300,long_outage,42,8034337812290898221,intent,full,0,same-node,edge-a,edge-a,0.0,True,0.5051826557580381,replan-dup-2,2,2,0,1,0,0,1,0.5
4,verify_before_retry,300,long_outage,42,5111319454374007999,intent,full,0,same-node,edge-a,edge-a,0.0,True,0.5051826557580381,replan-dup-2,2,2,0,1,0,0,1,0.5
5,verify_before_retry,300,long_outage,42,4305252572630835442,intent,full,0,same-node,edge-a,edge-a,0.0,True,0.5051826557580381,replan-dup-2,2,2,0,1,0,0,1,0.5
6,verify_before_retry,300,long_outage,42,8000245904080666629,intent,full,0,same-node,edge-a,edge-a,0.0,True,0.5051826557580381,replan-dup-2,2,2,0,1,0,0,1,0.5
7,verify_before_retry,300,long_outage,42,2028852415252034823,intent,full,0,same-node,edge-a,edge-a,0.0,True,0.5051826557580381,replan-dup-2,2,2,0,1,0,0,1,0.5
8,verify_before_retry,300,long_outage,42,5514897873074825807,intent,full,0,same-node,edge-a,edge-a,0.0,True,0.5051826557580381,replan-dup-2,2,2,0,1,0,0,1,0.5
9,verify_before_retry,300,long_outage,42,6011031341768205459,intent,full,0,same-node,edge-a,edge-a,0.0,True,0.5051826557580381,replan-dup-2,2,2,0,1,0,0,1,0.5
10,verify_before_retry,300,long_outage,42,9015484139307003055,intent,full,0,same-node,edge-a,edge-a,0.0,True,0.5051826557580381,replan-dup-2,2,2,0,1,0,0,1,0.5
11,verify_before_retry,300,long_outage,42,5614068684342596478,intent,full,0,same-node,edge-a,edge-a,0.0,True,0.5051826557580381,replan-dup-2,2,2,0,1,0,0,1,0.5
12,verify_before_retry,300,long_outage,42,4836471116928992445,intent,full,0,same-node,edge-a,edge-a,0.0,True,0.5051826557580381,replan-dup-2,2,2,0,1,0,0,1,0.5
13,verify_before_retry,300,long_outage,42,362595529708891746,intent,full,0,same-node,edge-a,edge-a,0.0,True,0.5051826557580381,replan-dup-2,2,2,0,1,0,0,1,0.5
14,verify_before_retry,300,long_outage,42,8124076222975035197,intent,full,0,same-node,edge-a,edge-a,0.0,True,0.5051826557580381,replan-dup-2,2,2,0,1,0,0,1,0.5
15,verify_before_retry,300,long_outage,42,4156462923546698222,intent,full,0,same-node,edge-a,edge-a,0.0,True,0.5051826557580381,replan-dup-2,2,2,0,1,0,0,1,0.5
16,verify_before_retry,300,long_outage,42,8399548236482528650,intent,full,0,same-node,edge-a,edge-a,0.0,True,0.5051826557580381,replan-dup-2,2,2,0,1,0,0,1,0.5
17,verify_before_retry,300,long_outage,42,7617451527877522826,intent,full,0,same-node,edge-a,edge-a,0.0,True,0.5051826557580381,replan-dup-2,2,2,0,1,0,0,1,0.5
18,verify_before_retry,300,long_outage,42,2148465036390443036,intent,full,0,same-node,edge-a,edge-a,0.0,True,0.5051826557580381,replan-dup-2,2,2,0,1,0,0,1,0.5
19,verify_before_retry,300,long_outage,42,1019227549571550488,intent,full,0,same-node,edge-a,edge-a,0.0,True,0.5051826557580381,replan-dup-2,2,2,0,1,0,0,1,0.5
20,verify_before_retry,300,long_outage,42,3520014246053598673,intent,full,0,same-node,edge-a,edge-a,0.0,True,0.5051826557580381,replan-dup-2,2,2,0,1,0,0,1,0.5
21,verify_before_retry,300,long_outage,42,4082270180889942706,intent,full,0,same-node,edge-a,edge-a,0.0,True,0.5051826557580381,replan-dup-2,2,2,0,1,0,0,1,0.5
22,verify_before_retry,300,long_outage,42,6645712918707196421,intent,full,0,same-node,edge-a,edge-a,0.0,True,0.5051826557580381,replan-dup-2,2,2,0,1,0,0,1,0.5
23,verify_before_retry,300,long_outage,42,5349482867274491704,intent,full,0,same-node,edge-a,edge-a,0.0,True,0.5051826557580381,replan-dup-2,2,2,0,1,0,0,1,0.5
24,verify_before_retry,300,long_outage,42,5993532736992699220,intent,full,0,same-node,edge-a,edge-a,0.0,True,0.5051826557580381,replan-dup-2,2,2,0,1,0,0,1,0.5
25,verify_before_retry,300,long_outage,42,3922365905688049296,intent,full,0,same-node,edge-a,edge-a,0.0,True,0.5051826557580381,replan-dup-2,2,2,0,1,0,0,1,0.5
26,verify_before_retry,300,long_outage,42,2394170060606579417,intent,full,0,same-node,edge-a,edge-a,0.0,True,0.5051826557580381,replan-dup-2,2,2,0,1,0,0,1,0.5
27,verify_before_retry,300,long_outage,42,744189013130846881,intent,full,0,same-node,edge-a,edge-a,0.0,True,0.5051826557580381,replan-dup-2,2,2,0,1,0,0,1,0.5
28,verify_before_retry,300,long_outage,42,1141711361857462702,intent,full,0,same-node,edge-a,edge-a,0.0,True,0.5051826557580381,replan-dup-2,2,2,0,1,0,0,1,0.5
29,verify_before_retry,300,long_outage,42,4803725573562661492,intent,full,0,same-node,edge-a,edge-a,0.0,True,0.5051826557580381,replan-dup-2,2,2,0,1,0,0,1,0.5
30,verify_before_retry,300,long_outage,42,6765235947190539875,intent,full,0,same-node,edge-a,edge-a,0.0,True,0.5051826557580381,replan-dup-2,2,2,0,1,0,0,1,0.5
31,verify_before_retry,300,long_outage,42,123698125072509768,intent,full,0,same-node,edge-a,edge-a,0.0,True,0.5051826557580381,replan-dup-2,2,2,0,1,0,0,1,0.5
32,verify_before_retry,300,long_outage,42,7131058626495558348,intent,full,0,same-node,edge-a,edge-a,0.0,True,0.5051826557580381,replan-dup-2,2,2,0,1,0,0,1,0.5
33,verify_before_retry,300,long_outage,42,6982444457013616719,intent,full,0,same-node,edge-a,edge-a,0.0,True,0.5051826557580381,replan-dup-2,2,2,0,1,0,0,1,0.5
34,verify_before_retry,300,long_outage,42,3342506686836506058,intent,full,0,same-node,edge-a,edge-a,0.0,True,0.5051826557580381,replan-dup-2,2,2,0,1,0,0,1,0.5
35,verify_before_retry,300,long_outage,42,2897423821293449390,intent,full,0,same-node,edge-a,edge-a,0.0,True,0.5051826557580381,replan-dup-2,2,2,0,1,0,0,1,0.5
36,verify_before_retry,300,long_outage,42,6229310837430744871,intent,full,0,same-node,edge-a,edge-a,0.0,True,0.5051826557580381,replan-dup-2,2,2,0,1,0,0,1,0.5
37,verify_before_retry,300,long_outage,42,6199496810959097276,intent,full,0,same-node,edge-a,edge-a,0.0,True,0.5051826557580381,replan-dup-2,2,2,0,1,0,0,1,0.5
38,verify_before_retry,300,long_outage,42,5967008354985820366,intent,full,0,same-node,edge-a,edge-a,0.0,True,0.5051826557580381,replan-dup-2,2,2,0,1,0,0,1,0.5
39,verify_before_retry,300,long_outage,42,4278889865269621919,intent,full,0,same-node,edge-a,edge-a,0.0,True,0.5051826557580381,replan-dup-2,2,2,0,1,0,0,1,0.5
40,verify_before_retry,300,long_outage,42,9054936489697661015,intent,full,0,same-node,edge-a,edge-a,0.0,True,0.5051826557580381,replan-dup-2,2,2,0,1,0,0,1,0.5
41,verify_before_retry,300,long_outage,42,3923306627128286700,intent,full,0,same-node,edge-a,edge-a,0.0,True,0.5051826557580381,replan-dup-2,2,2,0,1,0,0,1,0.5
42,verify_before_retry,300,long_outage,42,6573325509559298858,intent,full,0,same-node,edge-a,edge-a,0.0,True,0.5051826557580381,replan-dup-2,2,2,0,1,0,0,1,0.5
43,verify_before_retry,300,long_outage,42,845944090474403332,intent,full,0,same-node,edge-a,edge-a,0.0,True,0.5051826557580381,replan-dup-2,2,2,0,1,0,0,1,0.5
44,verify_before_retry,300,long_outage,42,4604489329387068807,intent,full,0,same-node,edge-a,edge-a,0.0,True,0.5051826557580381,replan-dup-2,2,2,0,1,0,0,1,0.5
45,verify_before_retry,300,long_outage,42,7250187986118357022,intent,full,0,same-node,edge-a,edge-a,0.0,True,0.5051826557580381,replan-dup-2,2,2,0,1,0,0,1,0.5
46,verify_before_retry,300,long_outage,42,2538275907810628301,intent,full,0,same-node,edge-a,edge-a,0.0,True,0.5051826557580381,replan-dup-2,2,2,0,1,0,0,1,0.5
47,verify_before_retry,300,long_outage,42,6134409660254138593,intent,full,0,same-node,edge-a,edge-a,0.0,True,0.5051826557580381,replan-dup-2,2,2,0,1,0,0,1,0.5
48,verify_before_retry,300,long_outage,42,7534020473028601047,intent,full,0,same-node,edge-a,edge-a,0.0,True,0.5051826557580381,replan-dup-2,2,2,0,1,0,0,1,0.5
49,verify_before_retry,300,long_outage,42,3501330032094681067,intent,full,0,same-node,edge-a,edge-a,0.0,True,0.5051826557580381,replan-dup-2,2,2,0,1,0,0,1,0.5
50,verify_before_retry,300,long_outage,42,2612981005422846836,intent,full,0,same-node,edge-a,edge-a,0.0,True,0.5051826557580381,replan-dup-2,2,2,0,1,0,0,1,0.5
51,verify_before_retry,300,long_outage,42,7650461385862716125,intent,full,0,same-node,edge-a,edge-a,0.0,True,0.5051826557580381,replan-dup-2,2,2,0,1,0,0,1,0.5
52,verify_before_retry,300,long_outage,42,5883163796820428893,intent,full,0,same-node,edge-a,edge-a,0.0,True,0.5051826557580381,replan-dup-2,2,2,0,1,0,0,1,0.5
53,verify_before_retry,300,long_outage,42,5780079847224871714,intent,full,0,same-node,edge-a,edge-a,0.0,True,0.5051826557580381,replan-dup-2,2,2,0,1,0,0,1,0.5
54,verify_before_retry,300,long_outage,42,2097668874025251647,intent,full,0,same-node,edge-a,edge-a,0.0,True,0.5051826557580381,replan-dup-2,2,2,0,1,0,0,1,0.5
55,verify_before_retry,300,long_outage,42,7557624663727405331,intent,full,0,same-node,edge-a,edge-a,0.0,True,0.5051826557580381,replan-dup-2,2,2,0,1,0,0,1,0.5
56,verify_before_retry,300,long_outage,42,8093498363709704166,intent,full,0,same-node,edge-a,edge-a,0.0,True,0.5051826557580381,replan-dup-2,2,2,0,1,0,0,1,0.5
57,verify_before_retry,300,long_outage,42,5099688675620613491,intent,full,0,same-node,edge-a,edge-a,0.0,True,0.5051826557580381,replan-dup-2,2,2,0,1,0,0,1,0.5
58,verify_before_retry,300,long_outage,42,751544749015268113,intent,full,0,same-node,edge-a,edge-a,0.0,True,0.5051826557580381,replan-dup-2,2,2,0,1,0,0,1,0.5
59,verify_before_retry,300,long_outage,42,445050111534723055,intent,full,0,same-node,edge-a,edge-a,0.0,True,0.5051826557580381,replan-dup-2,2,2,0,1,0,0,1,0.5
60,verify_before_retry,300,long_outage,42,4486222688363968453,intent,full,0,same-node,edge-a,edge-a,0.0,True,0.5051826557580381,replan-dup-2,2,2,0,1,0,0,1,0.5
61,verify_before_retry,300,long_outage,42,8916986962434785322,intent,full,0,same-node,edge-a,edge-a,0.0,True,0.5051826557580381,replan-dup-2,2,2,0,1,0,0,1,0.5
62,verify_before_retry,300,long_outage,42,3515932463956574061,intent,full,0,same-node,edge-a,edge-a,0.0,True,0.5051826557580381,replan-dup-2,2,2,0,1,0,0,1,0.5
63,verify_before_retry,300,long_outage,42,5230628134678690981,intent,full,0,same-node,edge-a,edge-a,0.0,True,0.5051826557580381,replan-dup-2,2,2,0,1,0,0,1,0.5
64,verify_before_retry,300,long_outage,42,5718913926491190298,intent,full,0,same-node,edge-a,edge-a,0.0,True,0.5051826557580381,replan-dup-2,2,2,0,1,0,0,1,0.5
65,verify_before_retry,300,long_outage,42,7969958481507589331,intent,full,0,same-node,edge-a,edge-a,0.0,True,0.5051826557580381,replan-dup-2,2,2,0,1,0,0,1,0.5
66,verify_before_retry,300,long_outage,42,2443911550902827358,intent,full,0,same-node,edge-a,edge-a,0.0,True,0.5051826557580381,replan-dup-2,2,2,0,1,0,0,1,0.5
67,verify_before_retry,300,long_outage,42,7995938179682072045,intent,full,0,same-node,edge-a,edge-a,0.0,True,0.5051826557580381,replan-dup-2,2,2,0,1,0,0,1,0.5
68,verify_before_retry,300,long_outage,42,3278487353732090470,intent,full,0,same-node,edge-a,edge-a,0.0,True,0.5051826557580381,replan-dup-2,2,2,0,1,0,0,1,0.5
69,verify_before_retry,300,long_outage,42,2308615073215503370,intent,full,0,same-node,edge-a,edge-a,0.0,True,0.5051826557580381,replan-dup-2,2,2,0,1,0,0,1,0.5
70,verify_before_retry,300,long_outage,42,6200565541068885529,intent,full,0,same-node,edge-a,edge-a,0.0,True,0.5051826557580381,replan-dup-2,2,2,0,1,0,0,1,0.5
71,verify_before_retry,300,long_outage,42,6743929978833170947,intent,full,0,same-node,edge-a,edge-a,0.0,True,0.5051826557580381,replan-dup-2,2,2,0,1,0,0,1,0.5
72,verify_before_retry,300,long_outage,42,7281513762399539536,intent,full,0,same-node,edge-a,edge-a,0.0,True,0.5051826557580381,replan-dup-2,2,2,0,1,0,0,1,0.5
73,verify_before_retry,300,long_outage,42,84418233294285489,intent,full,0,same-node,edge-a,edge-a,0.0,True,0.5051826557580381,replan-dup-2,2,2,0,1,0,0,1,0.5
74,verify_before_retry,300,long_outage,42,5699222439113512448,intent,full,0,same-node,edge-a,edge-a,0.0,True,0.5051826557580381,replan-dup-2,2,2,0,1,0,0,1,0.5
75,verify_before_retry,300,long_outage,42,4725785699109654883,intent,full,0,same-node,edge-a,edge-a,0.0,True,0.5051826557580381,replan-dup-2,2,2,0,1,0,0,1,0.5
76,verify_before_retry,300,long_outage,42,6607291449804054549,intent,full,0,same-node,edge-a,edge-a,0.0,True,0.5051826557580381,replan-dup-2,2,2,0,1,0,0,1,0.5
77,verify_before_retry,300,long_outage,42,454179272270304760,intent,full,0,same-node,edge-a,edge-a,0.0,True,0.5051826557580381,replan-dup-2,2,2,0,1,0,0,1,0.5
78,verify_before_retry,300,long_outage,42,1221917030692366694,intent,full,0,same-node,edge-a,edge-a,0.0,True,0.5051826557580381,replan-dup-2,2,2,0,1,0,0,1,0.5
79,verify_before_retry,300,long_outage,42,6779745743213729324,intent,full,0,same-node,edge-a,edge-a,0.0,True,0.5051826557580381,replan-dup-2,2,2,0,1,0,0,1,0.5
80,verify_before_retry,300,long_outage,42,1241809285073288480,intent,full,0,same-node,edge-a,edge-a,0.0,True,0.5051826557580381,replan-dup-2,2,2,0,1,0,0,1,0.5
81,verify_before_retry,300,long_outage,42,6774535726996792643,intent,full,0,same-node,edge-a,edge-a,0.0,True,0.5051826557580381,replan-dup-2,2,2,0,1,0,0,1,0.5
82,verify_before_retry,300,long_outage,42,9114096186627765210,intent,full,0,same-node,edge-a,edge-a,0.0,True,0.5051826557580381,replan-dup-2,2,2,0,1,0,0,1,0.5
83,verify_before_retry,300,long_outage,42,6262266687781776083,intent,full,0,same-node,edge-a,edge-a,0.0,True,0.5051826557580381,replan-dup-2,2,2,0,1,0,0,1,0.5
84,verify_before_retry,300,long_outage,42,3830123806895637222,intent,full,0,same-node,edge-a,edge-a,0.0,True,0.5051826557580381,replan-dup-2,2,2,0,1,0,0,1,0.5
85,verify_before_retry,300,long_outage,42,5876179891075595465,intent,full,0,same-node,edge-a,edge-a,0.0,True,0.5051826557580381,replan-dup-2,2,2,0,1,0,0,1,0.5
86,verify_before_retry,300,long_outage,42,7054550278314203038,intent,full,0,same-node,edge-a,edge-a,0.0,True,0.5051826557580381,replan-dup-2,2,2,0,1,0,0,1,0.5
87,verify_before_retry,300,long_outage,42,2336890513121254621,intent,full,0,same-node,edge-a,edge-a,0.0,True,0.5051826557580381,replan-dup-2,2,2,0,1,0,0,1,0.5
88,verify_before_retry,300,long_outage,42,2130984405568038597,intent,full,0,same-node,edge-a,edge-a,0.0,True,0.5051826557580381,replan-dup-2,2,2,0,1,0,0,1,0.5
89,verify_before_retry,300,long_outage,42,6615558718657693606,intent,full,0,same-node,edge-a,edge-a,0.0,True,0.5051826557580381,replan-dup-2,2,2,0,1,0,0,1,0.5
90,verify_before_retry,300,long_outage,42,6607736799427014389,intent,full,0,same-node,edge-a,edge-a,0.0,True,0.5051826557580381,replan-dup-2,2,2,0,1,0,0,1,0.5
91,verify_before_retry,300,long_outage,42,5525128405942896335,intent,full,0,same-node,edge-a,edge-a,0.0,True,0.5051826557580381,replan-dup-2,2,2,0,1,0,0,1,0.5
92,verify_before_retry,300,long_outage,42,1288655258960951583,intent,full,0,same-node,edge-a,edge-a,0.0,True,0.5051826557580381,replan-dup-2,2,2,0,1,0,0,1,0.5
93,verify_before_retry,300,long_outage,42,3558137667376564211,intent,full,0,same-node,edge-a,edge-a,0.0,True,0.5051826557580381,replan-dup-2,2,2,0,1,0,0,1,0.5
94,verify_before_retry,300,long_outage,42,8597380343509391938,intent,full,0,same-node,edge-a,edge-a,0.0,True,0.5051826557580381,replan-dup-2,2,2,0,1,0,0,1,0.5
95,verify_before_retry,300,long_outage,42,8455898837157048817,intent,full,0,same-node,edge-a,edge-a,0.0,True,0.5051826557580381,replan-dup-2,2,2,0,1,0,0,1,0.5
96,verify_before_retry,300,long_outage,42,8466784053082891274,intent,full,0,same-node,edge-a,edge-a,0.0,True,0.5051826557580381,replan-dup-2,2,2,0,1,0,0,1,0.5
97,verify_before_retry,300,long_outage,42,8180828517230502243,intent,full,0,same-node,edge-a,edge-a,0.0,True,0.5051826557580381,replan-dup-2,2,2,0,1,0,0,1,0.5
98,verify_before_retry,300,long_outage,42,918134819278231052,intent,full,0,same-node,edge-a,edge-a,0.0,True,0.5051826557580381,replan-dup-2,2,2,0,1,0,0,1,0.5
99,verify_before_retry,300,long_outage,42,3901613150624487032,intent,full,0,same-node,edge-a,edge-a,0.0,True,0.5051826557580381,replan-dup-2,2,2,0,1,0,0,1,0.5
0,kinbridge_sync,0,no_outage,42,8871979853394106879,intent,full,0,same-node,edge-a,edge-a,0.0,True,0.5051826557580381,replan-dup-2,2,2,0,0,0,0,0,0.0
1,kinbridge_sync,0,no_outage,42,4595596281385380392,intent,full,0,same-node,edge-a,edge-a,0.0,True,0.5051826557580381,replan-dup-2,2,2,0,0,0,0,0,0.0
2,kinbridge_sync,0,no_outage,42,6108125167086806208,intent,full,0,same-node,edge-a,edge-a,0.0,True,0.5051826557580381,replan-dup-2,2,2,0,0,0,0,0,0.0
3,kinbridge_sync,0,no_outage,42,8219077934222293133,intent,full,0,same-node,edge-a,edge-a,0.0,True,0.5051826557580381,replan-dup-2,2,2,0,0,0,0,0,0.0
4,kinbridge_sync,0,no_outage,42,4047529185321551759,intent,full,0,same-node,edge-a,edge-a,0.0,True,0.5051826557580381,replan-dup-2,2,2,0,0,0,0,0,0.0
5,kinbridge_sync,0,no_outage,42,1171764625263021534,intent,full,0,same-node,edge-a,edge-a,0.0,True,0.5051826557580381,replan-dup-2,2,2,0,0,0,0,0,0.0
6,kinbridge_sync,0,no_outage,42,394656574756106576,intent,full,0,same-node,edge-a,edge-a,0.0,True,0.5051826557580381,replan-dup-2,2,2,0,0,0,0,0,0.0
7,kinbridge_sync,0,no_outage,42,1267958707970755719,intent,full,0,same-node,edge-a,edge-a,0.0,True,0.5051826557580381,replan-dup-2,2,2,0,0,0,0,0,0.0
8,kinbridge_sync,0,no_outage,42,6597230142521207942,intent,full,0,same-node,edge-a,edge-a,0.0,True,0.5051826557580381,replan-dup-2,2,2,0,0,0,0,0,0.0
9,kinbridge_sync,0,no_outage,42,3758906977307755049,intent,full,0,same-node,edge-a,edge-a,0.0,True,0.5051826557580381,replan-dup-2,2,2,0,0,0,0,0,0.0
10,kinbridge_sync,0,no_outage,42,6875850571298401871,intent,full,0,same-node,edge-a,edge-a,0.0,True,0.5051826557580381,replan-dup-2,2,2,0,0,0,0,0,0.0
11,kinbridge_sync,0,no_outage,42,2567630091974700482,intent,full,0,same-node,edge-a,edge-a,0.0,True,0.5051826557580381,replan-dup-2,2,2,0,0,0,0,0,0.0
12,kinbridge_sync,0,no_outage,42,127288672114819184,intent,full,0,same-node,edge-a,edge-a,0.0,True,0.5051826557580381,replan-dup-2,2,2,0,0,0,0,0,0.0
13,kinbridge_sync,0,no_outage,42,1528305815210784732,intent,full,0,same-node,edge-a,edge-a,0.0,True,0.5051826557580381,replan-dup-2,2,2,0,0,0,0,0,0.0
14,kinbridge_sync,0,no_outage,42,5580956965673253878,intent,full,0,same-node,edge-a,edge-a,0.0,True,0.5051826557580381,replan-dup-2,2,2,0,0,0,0,0,0.0
15,kinbridge_sync,0,no_outage,42,4523245620397945990,intent,full,0,same-node,edge-a,edge-a,0.0,True,0.5051826557580381,replan-dup-2,2,2,0,0,0,0,0,0.0
16,kinbridge_sync,0,no_outage,42,5572906688928986463,intent,full,0,same-node,edge-a,edge-a,0.0,True,0.5051826557580381,replan-dup-2,2,2,0,0,0,0,0,0.0
17,kinbridge_sync,0,no_outage,42,1966816422309521554,intent,full,0,same-node,edge-a,edge-a,0.0,True,0.5051826557580381,replan-dup-2,2,2,0,0,0,0,0,0.0
18,kinbridge_sync,0,no_outage,42,4440237781619315606,intent,full,0,same-node,edge-a,edge-a,0.0,True,0.5051826557580381,replan-dup-2,2,2,0,0,0,0,0,0.0
19,kinbridge_sync,0,no_outage,42,4858821403505771594,intent,full,0,same-node,edge-a,edge-a,0.0,True,0.5051826557580381,replan-dup-2,2,2,0,0,0,0,0,0.0
20,kinbridge_sync,0,no_outage,42,2741166629424924843,intent,full,0,same-node,edge-a,edge-a,0.0,True,0.5051826557580381,replan-dup-2,2,2,0,0,0,0,0,0.0
21,kinbridge_sync,0,no_outage,42,4269370838367863344,intent,full,0,same-node,edge-a,edge-a,0.0,True,0.5051826557580381,replan-dup-2,2,2,0,0,0,0,0,0.0
22,kinbridge_sync,0,no_outage,42,2047163664875713181,intent,full,0,same-node,edge-a,edge-a,0.0,True,0.5051826557580381,replan-dup-2,2,2,0,0,0,0,0,0.0
23,kinbridge_sync,0,no_outage,42,1140594167560026172,intent,full,0,same-node,edge-a,edge-a,0.0,True,0.5051826557580381,replan-dup-2,2,2,0,0,0,0,0,0.0
24,kinbridge_sync,0,no_outage,42,4331879138070636890,intent,full,0,same-node,edge-a,edge-a,0.0,True,0.5051826557580381,replan-dup-2,2,2,0,0,0,0,0,0.0
25,kinbridge_sync,0,no_outage,42,3973556256293142343,intent,full,0,same-node,edge-a,edge-a,0.0,True,0.5051826557580381,replan-dup-2,2,2,0,0,0,0,0,0.0
26,kinbridge_sync,0,no_outage,42,5602749903625307365,intent,full,0,same-node,edge-a,edge-a,0.0,True,0.5051826557580381,replan-dup-2,2,2,0,0,0,0,0,0.0
27,kinbridge_sync,0,no_outage,42,1669745931294443805,intent,full,0,same-node,edge-a,edge-a,0.0,True,0.5051826557580381,replan-dup-2,2,2,0,0,0,0,0,0.0
28,kinbridge_sync,0,no_outage,42,4267476744214019901,intent,full,0,same-node,edge-a,edge-a,0.0,True,0.5051826557580381,replan-dup-2,2,2,0,0,0,0,0,0.0
29,kinbridge_sync,0,no_outage,42,4359007045352301773,intent,full,0,same-node,edge-a,edge-a,0.0,True,0.5051826557580381,replan-dup-2,2,2,0,0,0,0,0,0.0
30,kinbridge_sync,0,no_outage,42,1994965567173506018,intent,full,0,same-node,edge-a,edge-a,0.0,True,0.5051826557580381,replan-dup-2,2,2,0,0,0,0,0,0.0
31,kinbridge_sync,0,no_outage,42,8089995981316149132,intent,full,0,same-node,edge-a,edge-a,0.0,True,0.5051826557580381,replan-dup-2,2,2,0,0,0,0,0,0.0
32,kinbridge_sync,0,no_outage,42,6922256942943078840,intent,full,0,same-node,edge-a,edge-a,0.0,True,0.5051826557580381,replan-dup-2,2,2,0,0,0,0,0,0.0
33,kinbridge_sync,0,no_outage,42,1408107171293437153,intent,full,0,same-node,edge-a,edge-a,0.0,True,0.5051826557580381,replan-dup-2,2,2,0,0,0,0,0,0.0
34,kinbridge_sync,0,no_outage,42,8938649716962247560,intent,full,0,same-node,edge-a,edge-a,0.0,True,0.5051826557580381,replan-dup-2,2,2,0,0,0,0,0,0.0
35,kinbridge_sync,0,no_outage,42,1658928068300255098,intent,full,0,same-node,edge-a,edge-a,0.0,True,0.5051826557580381,replan-dup-2,2,2,0,0,0,0,0,0.0
36,kinbridge_sync,0,no_outage,42,2185141436638551624,intent,full,0,same-node,edge-a,edge-a,0.0,True,0.5051826557580381,replan-dup-2,2,2,0,0,0,0,0,0.0
37,kinbridge_sync,0,no_outage,42,7818669177257151783,intent,full,0,same-node,edge-a,edge-a,0.0,True,0.5051826557580381,replan-dup-2,2,2,0,0,0,0,0,0.0
38,kinbridge_sync,0,no_outage,42,1197206288458299570,intent,full,0,same-node,edge-a,edge-a,0.0,True,0.5051826557580381,replan-dup-2,2,2,0,0,0,0,0,0.0
39,kinbridge_sync,0,no_outage,42,8177076848638420438,intent,full,0,same-node,edge-a,edge-a,0.0,True,0.5051826557580381,replan-dup-2,2,2,0,0,0,0,0,0.0
40,kinbridge_sync,0,no_outage,42,4075406783631801908,intent,full,0,same-node,edge-a,edge-a,0.0,True,0.5051826557580381,replan-dup-2,2,2,0,0,0,0,0,0.0
41,kinbridge_sync,0,no_outage,42,3425529341030776292,intent,full,0,same-node,edge-a,edge-a,0.0,True,0.5051826557580381,replan-dup-2,2,2,0,0,0,0,0,0.0
42,kinbridge_sync,0,no_outage,42,6578000911139263317,intent,full,0,same-node,edge-a,edge-a,0.0,True,0.5051826557580381,replan-dup-2,2,2,0,0,0,0,0,0.0
43,kinbridge_sync,0,no_outage,42,9188249944968129456,intent,full,0,same-node,edge-a,edge-a,0.0,True,0.5051826557580381,replan-dup-2,2,2,0,0,0,0,0,0.0
44,kinbridge_sync,0,no_outage,42,8078660341977483757,intent,full,0,same-node,edge-a,edge-a,0.0,True,0.5051826557580381,replan-dup-2,2,2,0,0,0,0,0,0.0
45,kinbridge_sync,0,no_outage,42,2657388860623357907,intent,full,0,same-node,edge-a,edge-a,0.0,True,0.5051826557580381,replan-dup-2,2,2,0,0,0,0,0,0.0
46,kinbridge_sync,0,no_outage,42,8074308815280639527,intent,full,0,same-node,edge-a,edge-a,0.0,True,0.5051826557580381,replan-dup-2,2,2,0,0,0,0,0,0.0
47,kinbridge_sync,0,no_outage,42,2302989949624697055,intent,full,0,same-node,edge-a,edge-a,0.0,True,0.5051826557580381,replan-dup-2,2,2,0,0,0,0,0,0.0
48,kinbridge_sync,0,no_outage,42,7085948285998230844,intent,full,0,same-node,edge-a,edge-a,0.0,True,0.5051826557580381,replan-dup-2,2,2,0,0,0,0,0,0.0
49,kinbridge_sync,0,no_outage,42,2224561701050654827,intent,full,0,same-node,edge-a,edge-a,0.0,True,0.5051826557580381,replan-dup-2,2,2,0,0,0,0,0,0.0
50,kinbridge_sync,0,no_outage,42,3196376532658547165,intent,full,0,same-node,edge-a,edge-a,0.0,True,0.5051826557580381,replan-dup-2,2,2,0,0,0,0,0,0.0
51,kinbridge_sync,0,no_outage,42,1407243016126178298,intent,full,0,same-node,edge-a,edge-a,0.0,True,0.5051826557580381,replan-dup-2,2,2,0,0,0,0,0,0.0
52,kinbridge_sync,0,no_outage,42,936837001995154120,intent,full,0,same-node,edge-a,edge-a,0.0,True,0.5051826557580381,replan-dup-2,2,2,0,0,0,0,0,0.0
53,kinbridge_sync,0,no_outage,42,3710086022242011918,intent,full,0,same-node,edge-a,edge-a,0.0,True,0.5051826557580381,replan-dup-2,2,2,0,0,0,0,0,0.0
54,kinbridge_sync,0,no_outage,42,2594610171016662050,intent,full,0,same-node,edge-a,edge-a,0.0,True,0.5051826557580381,replan-dup-2,2,2,0,0,0,0,0,0.0
55,kinbridge_sync,0,no_outage,42,6886814471907007093,intent,full,0,same-node,edge-a,edge-a,0.0,True,0.5051826557580381,replan-dup-2,2,2,0,0,0,0,0,0.0
56,kinbridge_sync,0,no_outage,42,4176539334565576418,intent,full,0,same-node,edge-a,edge-a,0.0,True,0.5051826557580381,replan-dup-2,2,2,0,0,0,0,0,0.0
57,kinbridge_sync,0,no_outage,42,3984682195083107508,intent,full,0,same-node,edge-a,edge-a,0.0,True,0.5051826557580381,replan-dup-2,2,2,0,0,0,0,0,0.0
58,kinbridge_sync,0,no_outage,42,635116697578789439,intent,full,0,same-node,edge-a,edge-a,0.0,True,0.5051826557580381,replan-dup-2,2,2,0,0,0,0,0,0.0
59,kinbridge_sync,0,no_outage,42,6243384923954746215,intent,full,0,same-node,edge-a,edge-a,0.0,True,0.5051826557580381,replan-dup-2,2,2,0,0,0,0,0,0.0
60,kinbridge_sync,0,no_outage,42,7126757926420691785,intent,full,0,same-node,edge-a,edge-a,0.0,True,0.5051826557580381,replan-dup-2,2,2,0,0,0,0,0,0.0
61,kinbridge_sync,0,no_outage,42,4228158518709861654,intent,full,0,same-node,edge-a,edge-a,0.0,True,0.5051826557580381,replan-dup-2,2,2,0,0,0,0,0,0.0
62,kinbridge_sync,0,no_outage,42,3185185306440492895,intent,full,0,same-node,edge-a,edge-a,0.0,True,0.5051826557580381,replan-dup-2,2,2,0,0,0,0,0,0.0
63,kinbridge_sync,0,no_outage,42,7687759548039465040,intent,full,0,same-node,edge-a,edge-a,0.0,True,0.5051826557580381,replan-dup-2,2,2,0,0,0,0,0,0.0
64,kinbridge_sync,0,no_outage,42,1645011704661212770,intent,full,0,same-node,edge-a,edge-a,0.0,True,0.5051826557580381,replan-dup-2,2,2,0,0,0,0,0,0.0
65,kinbridge_sync,0,no_outage,42,8066405603854928701,intent,full,0,same-node,edge-a,edge-a,0.0,True,0.5051826557580381,replan-dup-2,2,2,0,0,0,0,0,0.0
66,kinbridge_sync,0,no_outage,42,2169137854502656901,intent,full,0,same-node,edge-a,edge-a,0.0,True,0.5051826557580381,replan-dup-2,2,2,0,0,0,0,0,0.0
67,kinbridge_sync,0,no_outage,42,6447580453896077670,intent,full,0,same-node,edge-a,edge-a,0.0,True,0.5051826557580381,replan-dup-2,2,2,0,0,0,0,0,0.0
68,kinbridge_sync,0,no_outage,42,1748246050623743457,intent,full,0,same-node,edge-a,edge-a,0.0,True,0.5051826557580381,replan-dup-2,2,2,0,0,0,0,0,0.0
69,kinbridge_sync,0,no_outage,42,8777815555316670471,intent,full,0,same-node,edge-a,edge-a,0.0,True,0.5051826557580381,replan-dup-2,2,2,0,0,0,0,0,0.0
70,kinbridge_sync,0,no_outage,42,1042127431643886443,intent,full,0,same-node,edge-a,edge-a,0.0,True,0.5051826557580381,replan-dup-2,2,2,0,0,0,0,0,0.0
71,kinbridge_sync,0,no_outage,42,3498241452733880538,intent,full,0,same-node,edge-a,edge-a,0.0,True,0.5051826557580381,replan-dup-2,2,2,0,0,0,0,0,0.0
72,kinbridge_sync,0,no_outage,42,4243030342828363275,intent,full,0,same-node,edge-a,edge-a,0.0,True,0.5051826557580381,replan-dup-2,2,2,0,0,0,0,0,0.0
73,kinbridge_sync,0,no_outage,42,4701766456247211548,intent,full,0,same-node,edge-a,edge-a,0.0,True,0.5051826557580381,replan-dup-2,2,2,0,0,0,0,0,0.0
74,kinbridge_sync,0,no_outage,42,2810388042141928357,intent,full,0,same-node,edge-a,edge-a,0.0,True,0.5051826557580381,replan-dup-2,2,2,0,0,0,0,0,0.0
75,kinbridge_sync,0,no_outage,42,8796944582482598634,intent,full,0,same-node,edge-a,edge-a,0.0,True,0.5051826557580381,replan-dup-2,2,2,0,0,0,0,0,0.0
76,kinbridge_sync,0,no_outage,42,8139960387217493830,intent,full,0,same-node,edge-a,edge-a,0.0,True,0.5051826557580381,replan-dup-2,2,2,0,0,0,0,0,0.0
77,kinbridge_sync,0,no_outage,42,2139844547519196423,intent,full,0,same-node,edge-a,edge-a,0.0,True,0.5051826557580381,replan-dup-2,2,2,0,0,0,0,0,0.0
78,kinbridge_sync,0,no_outage,42,5715534385446528292,intent,full,0,same-node,edge-a,edge-a,0.0,True,0.5051826557580381,replan-dup-2,2,2,0,0,0,0,0,0.0
79,kinbridge_sync,0,no_outage,42,1049848475144699726,intent,full,0,same-node,edge-a,edge-a,0.0,True,0.5051826557580381,replan-dup-2,2,2,0,0,0,0,0,0.0
80,kinbridge_sync,0,no_outage,42,7379411059046727166,intent,full,0,same-node,edge-a,edge-a,0.0,True,0.5051826557580381,replan-dup-2,2,2,0,0,0,0,0,0.0
81,kinbridge_sync,0,no_outage,42,9176397760545460174,intent,full,0,same-node,edge-a,edge-a,0.0,True,0.5051826557580381,replan-dup-2,2,2,0,0,0,0,0,0.0
82,kinbridge_sync,0,no_outage,42,3802466426881777814,intent,full,0,same-node,edge-a,edge-a,0.0,True,0.5051826557580381,replan-dup-2,2,2,0,0,0,0,0,0.0
83,kinbridge_sync,0,no_outage,42,4418173875808303793,intent,full,0,same-node,edge-a,edge-a,0.0,True,0.5051826557580381,replan-dup-2,2,2,0,0,0,0,0,0.0
84,kinbridge_sync,0,no_outage,42,546036076809101765,intent,full,0,same-node,edge-a,edge-a,0.0,True,0.5051826557580381,replan-dup-2,2,2,0,0,0,0,0,0.0
85,kinbridge_sync,0,no_outage,42,1046420296182652028,intent,full,0,same-node,edge-a,edge-a,0.0,True,0.5051826557580381,replan-dup-2,2,2,0,0,0,0,0,0.0
86,kinbridge_sync,0,no_outage,42,7172260376338412623,intent,full,0,same-node,edge-a,edge-a,0.0,True,0.5051826557580381,replan-dup-2,2,2,0,0,0,0,0,0.0
87,kinbridge_sync,0,no_outage,42,3787974237221789956,intent,full,0,same-node,edge-a,edge-a,0.0,True,0.5051826557580381,replan-dup-2,2,2,0,0,0,0,0,0.0
88,kinbridge_sync,0,no_outage,42,5377001751769057103,intent,full,0,same-node,edge-a,edge-a,0.0,True,0.5051826557580381,replan-dup-2,2,2,0,0,0,0,0,0.0
89,kinbridge_sync,0,no_outage,42,3439377217249149142,intent,full,0,same-node,edge-a,edge-a,0.0,True,0.5051826557580381,replan-dup-2,2,2,0,0,0,0,0,0.0
90,kinbridge_sync,0,no_outage,42,5174458822252919432,intent,full,0,same-node,edge-a,edge-a,0.0,True,0.5051826557580381,replan-dup-2,2,2,0,0,0,0,0,0.0
91,kinbridge_sync,0,no_outage,42,8502567856247311775,intent,full,0,same-node,edge-a,edge-a,0.0,True,0.5051826557580381,replan-dup-2,2,2,0,0,0,0,0,0.0
92,kinbridge_sync,0,no_outage,42,6681083948410808793,intent,full,0,same-node,edge-a,edge-a,0.0,True,0.5051826557580381,replan-dup-2,2,2,0,0,0,0,0,0.0
93,kinbridge_sync,0,no_outage,42,8232736968576898056,intent,full,0,same-node,edge-a,edge-a,0.0,True,0.5051826557580381,replan-dup-2,2,2,0,0,0,0,0,0.0
94,kinbridge_sync,0,no_outage,42,7162690760414076033,intent,full,0,same-node,edge-a,edge-a,0.0,True,0.5051826557580381,replan-dup-2,2,2,0,0,0,0,0,0.0
95,kinbridge_sync,0,no_outage,42,5678003354688159533,intent,full,0,same-node,edge-a,edge-a,0.0,True,0.5051826557580381,replan-dup-2,2,2,0,0,0,0,0,0.0
96,kinbridge_sync,0,no_outage,42,2388088904676745758,intent,full,0,same-node,edge-a,edge-a,0.0,True,0.5051826557580381,replan-dup-2,2,2,0,0,0,0,0,0.0
97,kinbridge_sync,0,no_outage,42,8601236042336519346,intent,full,0,same-node,edge-a,edge-a,0.0,True,0.5051826557580381,replan-dup-2,2,2,0,0,0,0,0,0.0
98,kinbridge_sync,0,no_outage,42,977798233095181627,intent,full,0,same-node,edge-a,edge-a,0.0,True,0.5051826557580381,replan-dup-2,2,2,0,0,0,0,0,0.0
99,kinbridge_sync,0,no_outage,42,248872431508493741,intent,full,0,same-node,edge-a,edge-a,0.0,True,0.5051826557580381,replan-dup-2,2,2,0,0,0,0,0,0.0
0,kinbridge_sync,10,short_outage,42,2486418818668530696,intent,full,0,same-node,edge-a,edge-a,0.0,True,0.5051826557580381,replan-dup-2,2,2,0,0,0,0,0,0.0
1,kinbridge_sync,10,short_outage,42,8904069731585634868,intent,full,0,same-node,edge-a,edge-a,0.0,True,0.5051826557580381,replan-dup-2,2,2,0,0,0,0,0,0.0
2,kinbridge_sync,10,short_outage,42,5952665350419646370,intent,full,0,same-node,edge-a,edge-a,0.0,True,0.5051826557580381,replan-dup-2,2,2,0,0,0,0,0,0.0
3,kinbridge_sync,10,short_outage,42,8108059590479960603,intent,full,0,same-node,edge-a,edge-a,0.0,True,0.5051826557580381,replan-dup-2,2,2,0,0,0,0,0,0.0
4,kinbridge_sync,10,short_outage,42,5526579576967144081,intent,full,0,same-node,edge-a,edge-a,0.0,True,0.5051826557580381,replan-dup-2,2,2,0,0,0,0,0,0.0
5,kinbridge_sync,10,short_outage,42,8771766734381361029,intent,full,0,same-node,edge-a,edge-a,0.0,True,0.5051826557580381,replan-dup-2,2,2,0,0,0,0,0,0.0
6,kinbridge_sync,10,short_outage,42,4305600631521747056,intent,full,0,same-node,edge-a,edge-a,0.0,True,0.5051826557580381,replan-dup-2,2,2,0,0,0,0,0,0.0
7,kinbridge_sync,10,short_outage,42,1741399617869222100,intent,full,0,same-node,edge-a,edge-a,0.0,True,0.5051826557580381,replan-dup-2,2,2,0,0,0,0,0,0.0
8,kinbridge_sync,10,short_outage,42,3558024369508895791,intent,full,0,same-node,edge-a,edge-a,0.0,True,0.5051826557580381,replan-dup-2,2,2,0,0,0,0,0,0.0
9,kinbridge_sync,10,short_outage,42,8646690598735497522,intent,full,0,same-node,edge-a,edge-a,0.0,True,0.5051826557580381,replan-dup-2,2,2,0,0,0,0,0,0.0
10,kinbridge_sync,10,short_outage,42,6225243274813083889,intent,full,0,same-node,edge-a,edge-a,0.0,True,0.5051826557580381,replan-dup-2,2,2,0,0,0,0,0,0.0
11,kinbridge_sync,10,short_outage,42,145012148413147722,intent,full,0,same-node,edge-a,edge-a,0.0,True,0.5051826557580381,replan-dup-2,2,2,0,0,0,0,0,0.0
12,kinbridge_sync,10,short_outage,42,3316837780210747263,intent,full,0,same-node,edge-a,edge-a,0.0,True,0.5051826557580381,replan-dup-2,2,2,0,0,0,0,0,0.0
13,kinbridge_sync,10,short_outage,42,6342332928467043988,intent,full,0,same-node,edge-a,edge-a,0.0,True,0.5051826557580381,replan-dup-2,2,2,0,0,0,0,0,0.0
14,kinbridge_sync,10,short_outage,42,6752250741557279865,intent,full,0,same-node,edge-a,edge-a,0.0,True,0.5051826557580381,replan-dup-2,2,2,0,0,0,0,0,0.0
15,kinbridge_sync,10,short_outage,42,3826107545840526563,intent,full,0,same-node,edge-a,edge-a,0.0,True,0.5051826557580381,replan-dup-2,2,2,0,0,0,0,0,0.0
16,kinbridge_sync,10,short_outage,42,104230863453387099,intent,full,0,same-node,edge-a,edge-a,0.0,True,0.5051826557580381,replan-dup-2,2,2,0,0,0,0,0,0.0
17,kinbridge_sync,10,short_outage,42,3181171571951882883,intent,full,0,same-node,edge-a,edge-a,0.0,True,0.5051826557580381,replan-dup-2,2,2,0,0,0,0,0,0.0
18,kinbridge_sync,10,short_outage,42,2412859564092049829,intent,full,0,same-node,edge-a,edge-a,0.0,True,0.5051826557580381,replan-dup-2,2,2,0,0,0,0,0,0.0
19,kinbridge_sync,10,short_outage,42,1259791342063211491,intent,full,0,same-node,edge-a,edge-a,0.0,True,0.5051826557580381,replan-dup-2,2,2,0,0,0,0,0,0.0
20,kinbridge_sync,10,short_outage,42,3910547452116973209,intent,full,0,same-node,edge-a,edge-a,0.0,True,0.5051826557580381,replan-dup-2,2,2,0,0,0,0,0,0.0
21,kinbridge_sync,10,short_outage,42,4585076483116995850,intent,full,0,same-node,edge-a,edge-a,0.0,True,0.5051826557580381,replan-dup-2,2,2,0,0,0,0,0,0.0
22,kinbridge_sync,10,short_outage,42,4853870309549696183,intent,full,0,same-node,edge-a,edge-a,0.0,True,0.5051826557580381,replan-dup-2,2,2,0,0,0,0,0,0.0
23,kinbridge_sync,10,short_outage,42,920668621666723186,intent,full,0,same-node,edge-a,edge-a,0.0,True,0.5051826557580381,replan-dup-2,2,2,0,0,0,0,0,0.0
24,kinbridge_sync,10,short_outage,42,7070417098166175463,intent,full,0,same-node,edge-a,edge-a,0.0,True,0.5051826557580381,replan-dup-2,2,2,0,0,0,0,0,0.0
25,kinbridge_sync,10,short_outage,42,4253455487458418189,intent,full,0,same-node,edge-a,edge-a,0.0,True,0.5051826557580381,replan-dup-2,2,2,0,0,0,0,0,0.0
26,kinbridge_sync,10,short_outage,42,3063423077542737457,intent,full,0,same-node,edge-a,edge-a,0.0,True,0.5051826557580381,replan-dup-2,2,2,0,0,0,0,0,0.0
27,kinbridge_sync,10,short_outage,42,7061786072911599010,intent,full,0,same-node,edge-a,edge-a,0.0,True,0.5051826557580381,replan-dup-2,2,2,0,0,0,0,0,0.0
28,kinbridge_sync,10,short_outage,42,8027880954155210269,intent,full,0,same-node,edge-a,edge-a,0.0,True,0.5051826557580381,replan-dup-2,2,2,0,0,0,0,0,0.0
29,kinbridge_sync,10,short_outage,42,7257926534801659437,intent,full,0,same-node,edge-a,edge-a,0.0,True,0.5051826557580381,replan-dup-2,2,2,0,0,0,0,0,0.0
30,kinbridge_sync,10,short_outage,42,4681120913041582655,intent,full,0,same-node,edge-a,edge-a,0.0,True,0.5051826557580381,replan-dup-2,2,2,0,0,0,0,0,0.0
31,kinbridge_sync,10,short_outage,42,138455864132652047,intent,full,0,same-node,edge-a,edge-a,0.0,True,0.5051826557580381,replan-dup-2,2,2,0,0,0,0,0,0.0
32,kinbridge_sync,10,short_outage,42,9112361294149342519,intent,full,0,same-node,edge-a,edge-a,0.0,True,0.5051826557580381,replan-dup-2,2,2,0,0,0,0,0,0.0
33,kinbridge_sync,10,short_outage,42,4615522350116612084,intent,full,0,same-node,edge-a,edge-a,0.0,True,0.5051826557580381,replan-dup-2,2,2,0,0,0,0,0,0.0
34,kinbridge_sync,10,short_outage,42,23042330271737105,intent,full,0,same-node,edge-a,edge-a,0.0,True,0.5051826557580381,replan-dup-2,2,2,0,0,0,0,0,0.0
35,kinbridge_sync,10,short_outage,42,152169090528117673,intent,full,0,same-node,edge-a,edge-a,0.0,True,0.5051826557580381,replan-dup-2,2,2,0,0,0,0,0,0.0
36,kinbridge_sync,10,short_outage,42,7922302000372132434,intent,full,0,same-node,edge-a,edge-a,0.0,True,0.5051826557580381,replan-dup-2,2,2,0,0,0,0,0,0.0
37,kinbridge_sync,10,short_outage,42,4408892319746466448,intent,full,0,same-node,edge-a,edge-a,0.0,True,0.5051826557580381,replan-dup-2,2,2,0,0,0,0,0,0.0
38,kinbridge_sync,10,short_outage,42,2119314744805803497,intent,full,0,same-node,edge-a,edge-a,0.0,True,0.5051826557580381,replan-dup-2,2,2,0,0,0,0,0,0.0
39,kinbridge_sync,10,short_outage,42,2053095264489427636,intent,full,0,same-node,edge-a,edge-a,0.0,True,0.5051826557580381,replan-dup-2,2,2,0,0,0,0,0,0.0
40,kinbridge_sync,10,short_outage,42,3727885385317729123,intent,full,0,same-node,edge-a,edge-a,0.0,True,0.5051826557580381,replan-dup-2,2,2,0,0,0,0,0,0.0
41,kinbridge_sync,10,short_outage,42,7099655129141358111,intent,full,0,same-node,edge-a,edge-a,0.0,True,0.5051826557580381,replan-dup-2,2,2,0,0,0,0,0,0.0
42,kinbridge_sync,10,short_outage,42,5079922951095988944,intent,full,0,same-node,edge-a,edge-a,0.0,True,0.5051826557580381,replan-dup-2,2,2,0,0,0,0,0,0.0
43,kinbridge_sync,10,short_outage,42,8826671045890164419,intent,full,0,same-node,edge-a,edge-a,0.0,True,0.5051826557580381,replan-dup-2,2,2,0,0,0,0,0,0.0
44,kinbridge_sync,10,short_outage,42,2051521268851072977,intent,full,0,same-node,edge-a,edge-a,0.0,True,0.5051826557580381,replan-dup-2,2,2,0,0,0,0,0,0.0
45,kinbridge_sync,10,short_outage,42,4795847976590243180,intent,full,0,same-node,edge-a,edge-a,0.0,True,0.5051826557580381,replan-dup-2,2,2,0,0,0,0,0,0.0
46,kinbridge_sync,10,short_outage,42,3723463668126283453,intent,full,0,same-node,edge-a,edge-a,0.0,True,0.5051826557580381,replan-dup-2,2,2,0,0,0,0,0,0.0
47,kinbridge_sync,10,short_outage,42,8826787705891420352,intent,full,0,same-node,edge-a,edge-a,0.0,True,0.5051826557580381,replan-dup-2,2,2,0,0,0,0,0,0.0
48,kinbridge_sync,10,short_outage,42,236445206692945058,intent,full,0,same-node,edge-a,edge-a,0.0,True,0.5051826557580381,replan-dup-2,2,2,0,0,0,0,0,0.0
49,kinbridge_sync,10,short_outage,42,6402639772734793213,intent,full,0,same-node,edge-a,edge-a,0.0,True,0.5051826557580381,replan-dup-2,2,2,0,0,0,0,0,0.0
50,kinbridge_sync,10,short_outage,42,1346639090742303977,intent,full,0,same-node,edge-a,edge-a,0.0,True,0.5051826557580381,replan-dup-2,2,2,0,0,0,0,0,0.0
51,kinbridge_sync,10,short_outage,42,4982581856726703353,intent,full,0,same-node,edge-a,edge-a,0.0,True,0.5051826557580381,replan-dup-2,2,2,0,0,0,0,0,0.0
52,kinbridge_sync,10,short_outage,42,4327027231972575621,intent,full,0,same-node,edge-a,edge-a,0.0,True,0.5051826557580381,replan-dup-2,2,2,0,0,0,0,0,0.0
53,kinbridge_sync,10,short_outage,42,3574015383192211170,intent,full,0,same-node,edge-a,edge-a,0.0,True,0.5051826557580381,replan-dup-2,2,2,0,0,0,0,0,0.0
54,kinbridge_sync,10,short_outage,42,2005996975468715650,intent,full,0,same-node,edge-a,edge-a,0.0,True,0.5051826557580381,replan-dup-2,2,2,0,0,0,0,0,0.0
55,kinbridge_sync,10,short_outage,42,2407000264198909750,intent,full,0,same-node,edge-a,edge-a,0.0,True,0.5051826557580381,replan-dup-2,2,2,0,0,0,0,0,0.0
56,kinbridge_sync,10,short_outage,42,8128831183630984336,intent,full,0,same-node,edge-a,edge-a,0.0,True,0.5051826557580381,replan-dup-2,2,2,0,0,0,0,0,0.0
57,kinbridge_sync,10,short_outage,42,8979717995109487546,intent,full,0,same-node,edge-a,edge-a,0.0,True,0.5051826557580381,replan-dup-2,2,2,0,0,0,0,0,0.0
58,kinbridge_sync,10,short_outage,42,1483006332564142427,intent,full,0,same-node,edge-a,edge-a,0.0,True,0.5051826557580381,replan-dup-2,2,2,0,0,0,0,0,0.0
59,kinbridge_sync,10,short_outage,42,3024091172478231285,intent,full,0,same-node,edge-a,edge-a,0.0,True,0.5051826557580381,replan-dup-2,2,2,0,0,0,0,0,0.0
60,kinbridge_sync,10,short_outage,42,2387909463977585586,intent,full,0,same-node,edge-a,edge-a,0.0,True,0.5051826557580381,replan-dup-2,2,2,0,0,0,0,0,0.0
61,kinbridge_sync,10,short_outage,42,3792219004119879658,intent,full,0,same-node,edge-a,edge-a,0.0,True,0.5051826557580381,replan-dup-2,2,2,0,0,0,0,0,0.0
62,kinbridge_sync,10,short_outage,42,3743323602432528831,intent,full,0,same-node,edge-a,edge-a,0.0,True,0.5051826557580381,replan-dup-2,2,2,0,0,0,0,0,0.0
63,kinbridge_sync,10,short_outage,42,3265909171817946963,intent,full,0,same-node,edge-a,edge-a,0.0,True,0.5051826557580381,replan-dup-2,2,2,0,0,0,0,0,0.0
64,kinbridge_sync,10,short_outage,42,3363152220447678388,intent,full,0,same-node,edge-a,edge-a,0.0,True,0.5051826557580381,replan-dup-2,2,2,0,0,0,0,0,0.0
65,kinbridge_sync,10,short_outage,42,2863273711229927143,intent,full,0,same-node,edge-a,edge-a,0.0,True,0.5051826557580381,replan-dup-2,2,2,0,0,0,0,0,0.0
66,kinbridge_sync,10,short_outage,42,5039484912223423936,intent,full,0,same-node,edge-a,edge-a,0.0,True,0.5051826557580381,replan-dup-2,2,2,0,0,0,0,0,0.0
67,kinbridge_sync,10,short_outage,42,3940114984020820952,intent,full,0,same-node,edge-a,edge-a,0.0,True,0.5051826557580381,replan-dup-2,2,2,0,0,0,0,0,0.0
68,kinbridge_sync,10,short_outage,42,9052171262950201685,intent,full,0,same-node,edge-a,edge-a,0.0,True,0.5051826557580381,replan-dup-2,2,2,0,0,0,0,0,0.0
69,kinbridge_sync,10,short_outage,42,84188455705648750,intent,full,0,same-node,edge-a,edge-a,0.0,True,0.5051826557580381,replan-dup-2,2,2,0,0,0,0,0,0.0
70,kinbridge_sync,10,short_outage,42,4206686943089101288,intent,full,0,same-node,edge-a,edge-a,0.0,True,0.5051826557580381,replan-dup-2,2,2,0,0,0,0,0,0.0
71,kinbridge_sync,10,short_outage,42,8451483437499608780,intent,full,0,same-node,edge-a,edge-a,0.0,True,0.5051826557580381,replan-dup-2,2,2,0,0,0,0,0,0.0
72,kinbridge_sync,10,short_outage,42,6424002778052116426,intent,full,0,same-node,edge-a,edge-a,0.0,True,0.5051826557580381,replan-dup-2,2,2,0,0,0,0,0,0.0
73,kinbridge_sync,10,short_outage,42,2106931320492407983,intent,full,0,same-node,edge-a,edge-a,0.0,True,0.5051826557580381,replan-dup-2,2,2,0,0,0,0,0,0.0
74,kinbridge_sync,10,short_outage,42,2764147234716758895,intent,full,0,same-node,edge-a,edge-a,0.0,True,0.5051826557580381,replan-dup-2,2,2,0,0,0,0,0,0.0
75,kinbridge_sync,10,short_outage,42,1329568944538524883,intent,full,0,same-node,edge-a,edge-a,0.0,True,0.5051826557580381,replan-dup-2,2,2,0,0,0,0,0,0.0
76,kinbridge_sync,10,short_outage,42,3614028500562595816,intent,full,0,same-node,edge-a,edge-a,0.0,True,0.5051826557580381,replan-dup-2,2,2,0,0,0,0,0,0.0
77,kinbridge_sync,10,short_outage,42,1176124848008475851,intent,full,0,same-node,edge-a,edge-a,0.0,True,0.5051826557580381,replan-dup-2,2,2,0,0,0,0,0,0.0
78,kinbridge_sync,10,short_outage,42,742565853683573199,intent,full,0,same-node,edge-a,edge-a,0.0,True,0.5051826557580381,replan-dup-2,2,2,0,0,0,0,0,0.0
79,kinbridge_sync,10,short_outage,42,4117178446860710624,intent,full,0,same-node,edge-a,edge-a,0.0,True,0.5051826557580381,replan-dup-2,2,2,0,0,0,0,0,0.0
80,kinbridge_sync,10,short_outage,42,5224023815843246347,intent,full,0,same-node,edge-a,edge-a,0.0,True,0.5051826557580381,replan-dup-2,2,2,0,0,0,0,0,0.0
81,kinbridge_sync,10,short_outage,42,7950691926865452181,intent,full,0,same-node,edge-a,edge-a,0.0,True,0.5051826557580381,replan-dup-2,2,2,0,0,0,0,0,0.0
82,kinbridge_sync,10,short_outage,42,5634270498662780727,intent,full,0,same-node,edge-a,edge-a,0.0,True,0.5051826557580381,replan-dup-2,2,2,0,0,0,0,0,0.0
83,kinbridge_sync,10,short_outage,42,742402807119804013,intent,full,0,same-node,edge-a,edge-a,0.0,True,0.5051826557580381,replan-dup-2,2,2,0,0,0,0,0,0.0
84,kinbridge_sync,10,short_outage,42,9036600716502536917,intent,full,0,same-node,edge-a,edge-a,0.0,True,0.5051826557580381,replan-dup-2,2,2,0,0,0,0,0,0.0
85,kinbridge_sync,10,short_outage,42,7378560697210527725,intent,full,0,same-node,edge-a,edge-a,0.0,True,0.5051826557580381,replan-dup-2,2,2,0,0,0,0,0,0.0
86,kinbridge_sync,10,short_outage,42,6850987370167126504,intent,full,0,same-node,edge-a,edge-a,0.0,True,0.5051826557580381,replan-dup-2,2,2,0,0,0,0,0,0.0
87,kinbridge_sync,10,short_outage,42,985938008040985592,intent,full,0,same-node,edge-a,edge-a,0.0,True,0.5051826557580381,replan-dup-2,2,2,0,0,0,0,0,0.0
88,kinbridge_sync,10,short_outage,42,3514780202533718109,intent,full,0,same-node,edge-a,edge-a,0.0,True,0.5051826557580381,replan-dup-2,2,2,0,0,0,0,0,0.0
89,kinbridge_sync,10,short_outage,42,7864380674212373641,intent,full,0,same-node,edge-a,edge-a,0.0,True,0.5051826557580381,replan-dup-2,2,2,0,0,0,0,0,0.0
90,kinbridge_sync,10,short_outage,42,6681316008602054214,intent,full,0,same-node,edge-a,edge-a,0.0,True,0.5051826557580381,replan-dup-2,2,2,0,0,0,0,0,0.0
91,kinbridge_sync,10,short_outage,42,2970019218551236635,intent,full,0,same-node,edge-a,edge-a,0.0,True,0.5051826557580381,replan-dup-2,2,2,0,0,0,0,0,0.0
92,kinbridge_sync,10,short_outage,42,1087822075251224697,intent,full,0,same-node,edge-a,edge-a,0.0,True,0.5051826557580381,replan-dup-2,2,2,0,0,0,0,0,0.0
93,kinbridge_sync,10,short_outage,42,1873969180783898202,intent,full,0,same-node,edge-a,edge-a,0.0,True,0.5051826557580381,replan-dup-2,2,2,0,0,0,0,0,0.0
94,kinbridge_sync,10,short_outage,42,605944538345501397,intent,full,0,same-node,edge-a,edge-a,0.0,True,0.5051826557580381,replan-dup-2,2,2,0,0,0,0,0,0.0
95,kinbridge_sync,10,short_outage,42,6477897441913388253,intent,full,0,same-node,edge-a,edge-a,0.0,True,0.5051826557580381,replan-dup-2,2,2,0,0,0,0,0,0.0
96,kinbridge_sync,10,short_outage,42,3811342188793567081,intent,full,0,same-node,edge-a,edge-a,0.0,True,0.5051826557580381,replan-dup-2,2,2,0,0,0,0,0,0.0
97,kinbridge_sync,10,short_outage,42,2055396993270430956,intent,full,0,same-node,edge-a,edge-a,0.0,True,0.5051826557580381,replan-dup-2,2,2,0,0,0,0,0,0.0
98,kinbridge_sync,10,short_outage,42,1118339437200289748,intent,full,0,same-node,edge-a,edge-a,0.0,True,0.5051826557580381,replan-dup-2,2,2,0,0,0,0,0,0.0
99,kinbridge_sync,10,short_outage,42,7201108645110953753,intent,full,0,same-node,edge-a,edge-a,0.0,True,0.5051826557580381,replan-dup-2,2,2,0,0,0,0,0,0.0
0,kinbridge_sync,90,baseline,42,6001708019872317191,intent,full,0,same-node,edge-a,edge-a,0.0,True,0.5051826557580381,replan-dup-2,2,2,0,0,0,1,0,0.0
1,kinbridge_sync,90,baseline,42,4931805234087514654,intent,full,0,same-node,edge-a,edge-a,0.0,True,0.5051826557580381,replan-dup-2,2,2,0,0,0,1,0,0.0
2,kinbridge_sync,90,baseline,42,8602244828958288217,intent,full,0,same-node,edge-a,edge-a,0.0,True,0.5051826557580381,replan-dup-2,2,2,0,0,0,1,0,0.0
3,kinbridge_sync,90,baseline,42,3575963207336213536,intent,full,0,same-node,edge-a,edge-a,0.0,True,0.5051826557580381,replan-dup-2,2,2,0,0,0,1,0,0.0
4,kinbridge_sync,90,baseline,42,4744190781393245317,intent,full,0,same-node,edge-a,edge-a,0.0,True,0.5051826557580381,replan-dup-2,2,2,0,0,0,1,0,0.0
5,kinbridge_sync,90,baseline,42,3793183726454608089,intent,full,0,same-node,edge-a,edge-a,0.0,True,0.5051826557580381,replan-dup-2,2,2,0,0,0,1,0,0.0
6,kinbridge_sync,90,baseline,42,6045286601631494760,intent,full,0,same-node,edge-a,edge-a,0.0,True,0.5051826557580381,replan-dup-2,2,2,0,0,0,1,0,0.0
7,kinbridge_sync,90,baseline,42,3421982248869567218,intent,full,0,same-node,edge-a,edge-a,0.0,True,0.5051826557580381,replan-dup-2,2,2,0,0,0,1,0,0.0
8,kinbridge_sync,90,baseline,42,4551940108433053426,intent,full,0,same-node,edge-a,edge-a,0.0,True,0.5051826557580381,replan-dup-2,2,2,0,0,0,1,0,0.0
9,kinbridge_sync,90,baseline,42,567409744842631331,intent,full,0,same-node,edge-a,edge-a,0.0,True,0.5051826557580381,replan-dup-2,2,2,0,0,0,1,0,0.0
10,kinbridge_sync,90,baseline,42,1303142680438681938,intent,full,0,same-node,edge-a,edge-a,0.0,True,0.5051826557580381,replan-dup-2,2,2,0,0,0,1,0,0.0
11,kinbridge_sync,90,baseline,42,1500549685504487396,intent,full,0,same-node,edge-a,edge-a,0.0,True,0.5051826557580381,replan-dup-2,2,2,0,0,0,1,0,0.0
12,kinbridge_sync,90,baseline,42,2891248161509094201,intent,full,0,same-node,edge-a,edge-a,0.0,True,0.5051826557580381,replan-dup-2,2,2,0,0,0,1,0,0.0
13,kinbridge_sync,90,baseline,42,4192336808866342079,intent,full,0,same-node,edge-a,edge-a,0.0,True,0.5051826557580381,replan-dup-2,2,2,0,0,0,1,0,0.0
14,kinbridge_sync,90,baseline,42,917112744170776221,intent,full,0,same-node,edge-a,edge-a,0.0,True,0.5051826557580381,replan-dup-2,2,2,0,0,0,1,0,0.0
15,kinbridge_sync,90,baseline,42,6380750634485558381,intent,full,0,same-node,edge-a,edge-a,0.0,True,0.5051826557580381,replan-dup-2,2,2,0,0,0,1,0,0.0
16,kinbridge_sync,90,baseline,42,1043801809443097192,intent,full,0,same-node,edge-a,edge-a,0.0,True,0.5051826557580381,replan-dup-2,2,2,0,0,0,1,0,0.0
17,kinbridge_sync,90,baseline,42,6254230120347579210,intent,full,0,same-node,edge-a,edge-a,0.0,True,0.5051826557580381,replan-dup-2,2,2,0,0,0,1,0,0.0
18,kinbridge_sync,90,baseline,42,4229896278588972821,intent,full,0,same-node,edge-a,edge-a,0.0,True,0.5051826557580381,replan-dup-2,2,2,0,0,0,1,0,0.0
19,kinbridge_sync,90,baseline,42,5411445661044817748,intent,full,0,same-node,edge-a,edge-a,0.0,True,0.5051826557580381,replan-dup-2,2,2,0,0,0,1,0,0.0
20,kinbridge_sync,90,baseline,42,9139156300939855600,intent,full,0,same-node,edge-a,edge-a,0.0,True,0.5051826557580381,replan-dup-2,2,2,0,0,0,1,0,0.0
21,kinbridge_sync,90,baseline,42,4129469581259829968,intent,full,0,same-node,edge-a,edge-a,0.0,True,0.5051826557580381,replan-dup-2,2,2,0,0,0,1,0,0.0
22,kinbridge_sync,90,baseline,42,2232931919273430017,intent,full,0,same-node,edge-a,edge-a,0.0,True,0.5051826557580381,replan-dup-2,2,2,0,0,0,1,0,0.0
23,kinbridge_sync,90,baseline,42,64796765878697936,intent,full,0,same-node,edge-a,edge-a,0.0,True,0.5051826557580381,replan-dup-2,2,2,0,0,0,1,0,0.0
24,kinbridge_sync,90,baseline,42,8663177249308353435,intent,full,0,same-node,edge-a,edge-a,0.0,True,0.5051826557580381,replan-dup-2,2,2,0,0,0,1,0,0.0
25,kinbridge_sync,90,baseline,42,1200736118638390285,intent,full,0,same-node,edge-a,edge-a,0.0,True,0.5051826557580381,replan-dup-2,2,2,0,0,0,1,0,0.0
26,kinbridge_sync,90,baseline,42,4064419751478737774,intent,full,0,same-node,edge-a,edge-a,0.0,True,0.5051826557580381,replan-dup-2,2,2,0,0,0,1,0,0.0
27,kinbridge_sync,90,baseline,42,656440152335638676,intent,full,0,same-node,edge-a,edge-a,0.0,True,0.5051826557580381,replan-dup-2,2,2,0,0,0,1,0,0.0
28,kinbridge_sync,90,baseline,42,5658962360283513640,intent,full,0,same-node,edge-a,edge-a,0.0,True,0.5051826557580381,replan-dup-2,2,2,0,0,0,1,0,0.0
29,kinbridge_sync,90,baseline,42,6541433457673558785,intent,full,0,same-node,edge-a,edge-a,0.0,True,0.5051826557580381,replan-dup-2,2,2,0,0,0,1,0,0.0
30,kinbridge_sync,90,baseline,42,6073891943617425986,intent,full,0,same-node,edge-a,edge-a,0.0,True,0.5051826557580381,replan-dup-2,2,2,0,0,0,1,0,0.0
31,kinbridge_sync,90,baseline,42,2303186724017123264,intent,full,0,same-node,edge-a,edge-a,0.0,True,0.5051826557580381,replan-dup-2,2,2,0,0,0,1,0,0.0
32,kinbridge_sync,90,baseline,42,7255347989156898226,intent,full,0,same-node,edge-a,edge-a,0.0,True,0.5051826557580381,replan-dup-2,2,2,0,0,0,1,0,0.0
33,kinbridge_sync,90,baseline,42,5652755508355968387,intent,full,0,same-node,edge-a,edge-a,0.0,True,0.5051826557580381,replan-dup-2,2,2,0,0,0,1,0,0.0
34,kinbridge_sync,90,baseline,42,8132860686169461745,intent,full,0,same-node,edge-a,edge-a,0.0,True,0.5051826557580381,replan-dup-2,2,2,0,0,0,1,0,0.0
35,kinbridge_sync,90,baseline,42,826346607145537481,intent,full,0,same-node,edge-a,edge-a,0.0,True,0.5051826557580381,replan-dup-2,2,2,0,0,0,1,0,0.0
36,kinbridge_sync,90,baseline,42,1507865867346126654,intent,full,0,same-node,edge-a,edge-a,0.0,True,0.5051826557580381,replan-dup-2,2,2,0,0,0,1,0,0.0
37,kinbridge_sync,90,baseline,42,5126493114590962817,intent,full,0,same-node,edge-a,edge-a,0.0,True,0.5051826557580381,replan-dup-2,2,2,0,0,0,1,0,0.0
38,kinbridge_sync,90,baseline,42,5381958601900198216,intent,full,0,same-node,edge-a,edge-a,0.0,True,0.5051826557580381,replan-dup-2,2,2,0,0,0,1,0,0.0
39,kinbridge_sync,90,baseline,42,365297323393212588,intent,full,0,same-node,edge-a,edge-a,0.0,True,0.5051826557580381,replan-dup-2,2,2,0,0,0,1,0,0.0
40,kinbridge_sync,90,baseline,42,6998401014511056417,intent,full,0,same-node,edge-a,edge-a,0.0,True,0.5051826557580381,replan-dup-2,2,2,0,0,0,1,0,0.0
41,kinbridge_sync,90,baseline,42,812784551882432903,intent,full,0,same-node,edge-a,edge-a,0.0,True,0.5051826557580381,replan-dup-2,2,2,0,0,0,1,0,0.0
42,kinbridge_sync,90,baseline,42,1675506833946333499,intent,full,0,same-node,edge-a,edge-a,0.0,True,0.5051826557580381,replan-dup-2,2,2,0,0,0,1,0,0.0
43,kinbridge_sync,90,baseline,42,6614245387114301572,intent,full,0,same-node,edge-a,edge-a,0.0,True,0.5051826557580381,replan-dup-2,2,2,0,0,0,1,0,0.0
44,kinbridge_sync,90,baseline,42,7055589708925556589,intent,full,0,same-node,edge-a,edge-a,0.0,True,0.5051826557580381,replan-dup-2,2,2,0,0,0,1,0,0.0
45,kinbridge_sync,90,baseline,42,6179884649697433687,intent,full,0,same-node,edge-a,edge-a,0.0,True,0.5051826557580381,replan-dup-2,2,2,0,0,0,1,0,0.0
46,kinbridge_sync,90,baseline,42,242079114759061756,intent,full,0,same-node,edge-a,edge-a,0.0,True,0.5051826557580381,replan-dup-2,2,2,0,0,0,1,0,0.0
47,kinbridge_sync,90,baseline,42,6789960349362029522,intent,full,0,same-node,edge-a,edge-a,0.0,True,0.5051826557580381,replan-dup-2,2,2,0,0,0,1,0,0.0
48,kinbridge_sync,90,baseline,42,3278483073293232035,intent,full,0,same-node,edge-a,edge-a,0.0,True,0.5051826557580381,replan-dup-2,2,2,0,0,0,1,0,0.0
49,kinbridge_sync,90,baseline,42,4391572034396396904,intent,full,0,same-node,edge-a,edge-a,0.0,True,0.5051826557580381,replan-dup-2,2,2,0,0,0,1,0,0.0
50,kinbridge_sync,90,baseline,42,4371450102858825768,intent,full,0,same-node,edge-a,edge-a,0.0,True,0.5051826557580381,replan-dup-2,2,2,0,0,0,1,0,0.0
51,kinbridge_sync,90,baseline,42,5437627271083425820,intent,full,0,same-node,edge-a,edge-a,0.0,True,0.5051826557580381,replan-dup-2,2,2,0,0,0,1,0,0.0
52,kinbridge_sync,90,baseline,42,4888047631045104275,intent,full,0,same-node,edge-a,edge-a,0.0,True,0.5051826557580381,replan-dup-2,2,2,0,0,0,1,0,0.0
53,kinbridge_sync,90,baseline,42,7306010301662589153,intent,full,0,same-node,edge-a,edge-a,0.0,True,0.5051826557580381,replan-dup-2,2,2,0,0,0,1,0,0.0
54,kinbridge_sync,90,baseline,42,8722925448640020610,intent,full,0,same-node,edge-a,edge-a,0.0,True,0.5051826557580381,replan-dup-2,2,2,0,0,0,1,0,0.0
55,kinbridge_sync,90,baseline,42,3262096512156610218,intent,full,0,same-node,edge-a,edge-a,0.0,True,0.5051826557580381,replan-dup-2,2,2,0,0,0,1,0,0.0
56,kinbridge_sync,90,baseline,42,5233227764895931865,intent,full,0,same-node,edge-a,edge-a,0.0,True,0.5051826557580381,replan-dup-2,2,2,0,0,0,1,0,0.0
57,kinbridge_sync,90,baseline,42,3305756946658256201,intent,full,0,same-node,edge-a,edge-a,0.0,True,0.5051826557580381,replan-dup-2,2,2,0,0,0,1,0,0.0
58,kinbridge_sync,90,baseline,42,4129495905855645698,intent,full,0,same-node,edge-a,edge-a,0.0,True,0.5051826557580381,replan-dup-2,2,2,0,0,0,1,0,0.0
59,kinbridge_sync,90,baseline,42,416773387805466358,intent,full,0,same-node,edge-a,edge-a,0.0,True,0.5051826557580381,replan-dup-2,2,2,0,0,0,1,0,0.0
60,kinbridge_sync,90,baseline,42,8528245569616840629,intent,full,0,same-node,edge-a,edge-a,0.0,True,0.5051826557580381,replan-dup-2,2,2,0,0,0,1,0,0.0
61,kinbridge_sync,90,baseline,42,6978943224201519942,intent,full,0,same-node,edge-a,edge-a,0.0,True,0.5051826557580381,replan-dup-2,2,2,0,0,0,1,0,0.0
62,kinbridge_sync,90,baseline,42,3955364601295201586,intent,full,0,same-node,edge-a,edge-a,0.0,True,0.5051826557580381,replan-dup-2,2,2,0,0,0,1,0,0.0
63,kinbridge_sync,90,baseline,42,7946564756357262896,intent,full,0,same-node,edge-a,edge-a,0.0,True,0.5051826557580381,replan-dup-2,2,2,0,0,0,1,0,0.0
64,kinbridge_sync,90,baseline,42,6189974198307964920,intent,full,0,same-node,edge-a,edge-a,0.0,True,0.5051826557580381,replan-dup-2,2,2,0,0,0,1,0,0.0
65,kinbridge_sync,90,baseline,42,4304911694673941763,intent,full,0,same-node,edge-a,edge-a,0.0,True,0.5051826557580381,replan-dup-2,2,2,0,0,0,1,0,0.0
66,kinbridge_sync,90,baseline,42,8065213755408262516,intent,full,0,same-node,edge-a,edge-a,0.0,True,0.5051826557580381,replan-dup-2,2,2,0,0,0,1,0,0.0
67,kinbridge_sync,90,baseline,42,1942514633901880554,intent,full,0,same-node,edge-a,edge-a,0.0,True,0.5051826557580381,replan-dup-2,2,2,0,0,0,1,0,0.0
68,kinbridge_sync,90,baseline,42,1500946279691962763,intent,full,0,same-node,edge-a,edge-a,0.0,True,0.5051826557580381,replan-dup-2,2,2,0,0,0,1,0,0.0
69,kinbridge_sync,90,baseline,42,8214422338534431854,intent,full,0,same-node,edge-a,edge-a,0.0,True,0.5051826557580381,replan-dup-2,2,2,0,0,0,1,0,0.0
70,kinbridge_sync,90,baseline,42,7654477969101691183,intent,full,0,same-node,edge-a,edge-a,0.0,True,0.5051826557580381,replan-dup-2,2,2,0,0,0,1,0,0.0
71,kinbridge_sync,90,baseline,42,1943063017975242659,intent,full,0,same-node,edge-a,edge-a,0.0,True,0.5051826557580381,replan-dup-2,2,2,0,0,0,1,0,0.0
72,kinbridge_sync,90,baseline,42,1515330259095653163,intent,full,0,same-node,edge-a,edge-a,0.0,True,0.5051826557580381,replan-dup-2,2,2,0,0,0,1,0,0.0
73,kinbridge_sync,90,baseline,42,7900071367003018170,intent,full,0,same-node,edge-a,edge-a,0.0,True,0.5051826557580381,replan-dup-2,2,2,0,0,0,1,0,0.0
74,kinbridge_sync,90,baseline,42,4941879414646236763,intent,full,0,same-node,edge-a,edge-a,0.0,True,0.5051826557580381,replan-dup-2,2,2,0,0,0,1,0,0.0
75,kinbridge_sync,90,baseline,42,8037055702364576096,intent,full,0,same-node,edge-a,edge-a,0.0,True,0.5051826557580381,replan-dup-2,2,2,0,0,0,1,0,0.0
76,kinbridge_sync,90,baseline,42,8756199357028118540,intent,full,0,same-node,edge-a,edge-a,0.0,True,0.5051826557580381,replan-dup-2,2,2,0,0,0,1,0,0.0
77,kinbridge_sync,90,baseline,42,7804320371554226750,intent,full,0,same-node,edge-a,edge-a,0.0,True,0.5051826557580381,replan-dup-2,2,2,0,0,0,1,0,0.0
78,kinbridge_sync,90,baseline,42,5207863069578036802,intent,full,0,same-node,edge-a,edge-a,0.0,True,0.5051826557580381,replan-dup-2,2,2,0,0,0,1,0,0.0
79,kinbridge_sync,90,baseline,42,2861538090211588137,intent,full,0,same-node,edge-a,edge-a,0.0,True,0.5051826557580381,replan-dup-2,2,2,0,0,0,1,0,0.0
80,kinbridge_sync,90,baseline,42,9012338591825539215,intent,full,0,same-node,edge-a,edge-a,0.0,True,0.5051826557580381,replan-dup-2,2,2,0,0,0,1,0,0.0
81,kinbridge_sync,90,baseline,42,176353576466698591,intent,full,0,same-node,edge-a,edge-a,0.0,True,0.5051826557580381,replan-dup-2,2,2,0,0,0,1,0,0.0
82,kinbridge_sync,90,baseline,42,8290897733507512108,intent,full,0,same-node,edge-a,edge-a,0.0,True,0.5051826557580381,replan-dup-2,2,2,0,0,0,1,0,0.0
83,kinbridge_sync,90,baseline,42,4369980680140316966,intent,full,0,same-node,edge-a,edge-a,0.0,True,0.5051826557580381,replan-dup-2,2,2,0,0,0,1,0,0.0
84,kinbridge_sync,90,baseline,42,3512869909458018811,intent,full,0,same-node,edge-a,edge-a,0.0,True,0.5051826557580381,replan-dup-2,2,2,0,0,0,1,0,0.0
85,kinbridge_sync,90,baseline,42,8622083118381182182,intent,full,0,same-node,edge-a,edge-a,0.0,True,0.5051826557580381,replan-dup-2,2,2,0,0,0,1,0,0.0
86,kinbridge_sync,90,baseline,42,1442159018097465966,intent,full,0,same-node,edge-a,edge-a,0.0,True,0.5051826557580381,replan-dup-2,2,2,0,0,0,1,0,0.0
87,kinbridge_sync,90,baseline,42,8928456027382228120,intent,full,0,same-node,edge-a,edge-a,0.0,True,0.5051826557580381,replan-dup-2,2,2,0,0,0,1,0,0.0
88,kinbridge_sync,90,baseline,42,5550750972305808164,intent,full,0,same-node,edge-a,edge-a,0.0,True,0.5051826557580381,replan-dup-2,2,2,0,0,0,1,0,0.0
89,kinbridge_sync,90,baseline,42,8804497863312541492,intent,full,0,same-node,edge-a,edge-a,0.0,True,0.5051826557580381,replan-dup-2,2,2,0,0,0,1,0,0.0
90,kinbridge_sync,90,baseline,42,5356459124830790614,intent,full,0,same-node,edge-a,edge-a,0.0,True,0.5051826557580381,replan-dup-2,2,2,0,0,0,1,0,0.0
91,kinbridge_sync,90,baseline,42,825240343115924939,intent,full,0,same-node,edge-a,edge-a,0.0,True,0.5051826557580381,replan-dup-2,2,2,0,0,0,1,0,0.0
92,kinbridge_sync,90,baseline,42,2728563732731418236,intent,full,0,same-node,edge-a,edge-a,0.0,True,0.5051826557580381,replan-dup-2,2,2,0,0,0,1,0,0.0
93,kinbridge_sync,90,baseline,42,5391706237821272865,intent,full,0,same-node,edge-a,edge-a,0.0,True,0.5051826557580381,replan-dup-2,2,2,0,0,0,1,0,0.0
94,kinbridge_sync,90,baseline,42,3256380576701246309,intent,full,0,same-node,edge-a,edge-a,0.0,True,0.5051826557580381,replan-dup-2,2,2,0,0,0,1,0,0.0
95,kinbridge_sync,90,baseline,42,3422355151325807445,intent,full,0,same-node,edge-a,edge-a,0.0,True,0.5051826557580381,replan-dup-2,2,2,0,0,0,1,0,0.0
96,kinbridge_sync,90,baseline,42,3239699949887735110,intent,full,0,same-node,edge-a,edge-a,0.0,True,0.5051826557580381,replan-dup-2,2,2,0,0,0,1,0,0.0
97,kinbridge_sync,90,baseline,42,8612637636166926240,intent,full,0,same-node,edge-a,edge-a,0.0,True,0.5051826557580381,replan-dup-2,2,2,0,0,0,1,0,0.0
98,kinbridge_sync,90,baseline,42,8488983123767964398,intent,full,0,same-node,edge-a,edge-a,0.0,True,0.5051826557580381,replan-dup-2,2,2,0,0,0,1,0,0.0
99,kinbridge_sync,90,baseline,42,3694558785991525410,intent,full,0,same-node,edge-a,edge-a,0.0,True,0.5051826557580381,replan-dup-2,2,2,0,0,0,1,0,0.0
0,kinbridge_sync,300,long_outage,42,8275806121139087855,intent,full,0,same-node,edge-a,edge-a,0.0,True,0.5051826557580381,replan-dup-2,2,2,0,0,0,1,0,0.0
1,kinbridge_sync,300,long_outage,42,2195408029974136532,intent,full,0,same-node,edge-a,edge-a,0.0,True,0.5051826557580381,replan-dup-2,2,2,0,0,0,1,0,0.0
2,kinbridge_sync,300,long_outage,42,1179083637237001318,intent,full,0,same-node,edge-a,edge-a,0.0,True,0.5051826557580381,replan-dup-2,2,2,0,0,0,1,0,0.0
3,kinbridge_sync,300,long_outage,42,4117626229313597224,intent,full,0,same-node,edge-a,edge-a,0.0,True,0.5051826557580381,replan-dup-2,2,2,0,0,0,1,0,0.0
4,kinbridge_sync,300,long_outage,42,4634904216359376308,intent,full,0,same-node,edge-a,edge-a,0.0,True,0.5051826557580381,replan-dup-2,2,2,0,0,0,1,0,0.0
5,kinbridge_sync,300,long_outage,42,3911384964512043241,intent,full,0,same-node,edge-a,edge-a,0.0,True,0.5051826557580381,replan-dup-2,2,2,0,0,0,1,0,0.0
6,kinbridge_sync,300,long_outage,42,5122583924545037241,intent,full,0,same-node,edge-a,edge-a,0.0,True,0.5051826557580381,replan-dup-2,2,2,0,0,0,1,0,0.0
7,kinbridge_sync,300,long_outage,42,5387191155958298806,intent,full,0,same-node,edge-a,edge-a,0.0,True,0.5051826557580381,replan-dup-2,2,2,0,0,0,1,0,0.0
8,kinbridge_sync,300,long_outage,42,4750924890116407862,intent,full,0,same-node,edge-a,edge-a,0.0,True,0.5051826557580381,replan-dup-2,2,2,0,0,0,1,0,0.0
9,kinbridge_sync,300,long_outage,42,3587440230557685505,intent,full,0,same-node,edge-a,edge-a,0.0,True,0.5051826557580381,replan-dup-2,2,2,0,0,0,1,0,0.0
10,kinbridge_sync,300,long_outage,42,7701038982148925586,intent,full,0,same-node,edge-a,edge-a,0.0,True,0.5051826557580381,replan-dup-2,2,2,0,0,0,1,0,0.0
11,kinbridge_sync,300,long_outage,42,3793040367118761101,intent,full,0,same-node,edge-a,edge-a,0.0,True,0.5051826557580381,replan-dup-2,2,2,0,0,0,1,0,0.0
12,kinbridge_sync,300,long_outage,42,2340802109790841129,intent,full,0,same-node,edge-a,edge-a,0.0,True,0.5051826557580381,replan-dup-2,2,2,0,0,0,1,0,0.0
13,kinbridge_sync,300,long_outage,42,8117209146746547144,intent,full,0,same-node,edge-a,edge-a,0.0,True,0.5051826557580381,replan-dup-2,2,2,0,0,0,1,0,0.0
14,kinbridge_sync,300,long_outage,42,2477406483604005843,intent,full,0,same-node,edge-a,edge-a,0.0,True,0.5051826557580381,replan-dup-2,2,2,0,0,0,1,0,0.0
15,kinbridge_sync,300,long_outage,42,4813039242703364352,intent,full,0,same-node,edge-a,edge-a,0.0,True,0.5051826557580381,replan-dup-2,2,2,0,0,0,1,0,0.0
16,kinbridge_sync,300,long_outage,42,9076108531631964492,intent,full,0,same-node,edge-a,edge-a,0.0,True,0.5051826557580381,replan-dup-2,2,2,0,0,0,1,0,0.0
17,kinbridge_sync,300,long_outage,42,9180754554654505744,intent,full,0,same-node,edge-a,edge-a,0.0,True,0.5051826557580381,replan-dup-2,2,2,0,0,0,1,0,0.0
18,kinbridge_sync,300,long_outage,42,5456363648422293013,intent,full,0,same-node,edge-a,edge-a,0.0,True,0.5051826557580381,replan-dup-2,2,2,0,0,0,1,0,0.0
19,kinbridge_sync,300,long_outage,42,3304453036699372640,intent,full,0,same-node,edge-a,edge-a,0.0,True,0.5051826557580381,replan-dup-2,2,2,0,0,0,1,0,0.0
20,kinbridge_sync,300,long_outage,42,7017523477360744585,intent,full,0,same-node,edge-a,edge-a,0.0,True,0.5051826557580381,replan-dup-2,2,2,0,0,0,1,0,0.0
21,kinbridge_sync,300,long_outage,42,7621806936441971365,intent,full,0,same-node,edge-a,edge-a,0.0,True,0.5051826557580381,replan-dup-2,2,2,0,0,0,1,0,0.0
22,kinbridge_sync,300,long_outage,42,6991753708269010372,intent,full,0,same-node,edge-a,edge-a,0.0,True,0.5051826557580381,replan-dup-2,2,2,0,0,0,1,0,0.0
23,kinbridge_sync,300,long_outage,42,2165070585493590538,intent,full,0,same-node,edge-a,edge-a,0.0,True,0.5051826557580381,replan-dup-2,2,2,0,0,0,1,0,0.0
24,kinbridge_sync,300,long_outage,42,7138728034477454991,intent,full,0,same-node,edge-a,edge-a,0.0,True,0.5051826557580381,replan-dup-2,2,2,0,0,0,1,0,0.0
25,kinbridge_sync,300,long_outage,42,2922515033160778693,intent,full,0,same-node,edge-a,edge-a,0.0,True,0.5051826557580381,replan-dup-2,2,2,0,0,0,1,0,0.0
26,kinbridge_sync,300,long_outage,42,1215428549044629360,intent,full,0,same-node,edge-a,edge-a,0.0,True,0.5051826557580381,replan-dup-2,2,2,0,0,0,1,0,0.0
27,kinbridge_sync,300,long_outage,42,8388575617136532738,intent,full,0,same-node,edge-a,edge-a,0.0,True,0.5051826557580381,replan-dup-2,2,2,0,0,0,1,0,0.0
28,kinbridge_sync,300,long_outage,42,1736603317087734781,intent,full,0,same-node,edge-a,edge-a,0.0,True,0.5051826557580381,replan-dup-2,2,2,0,0,0,1,0,0.0
29,kinbridge_sync,300,long_outage,42,3494615364026749422,intent,full,0,same-node,edge-a,edge-a,0.0,True,0.5051826557580381,replan-dup-2,2,2,0,0,0,1,0,0.0
30,kinbridge_sync,300,long_outage,42,5278565279022737353,intent,full,0,same-node,edge-a,edge-a,0.0,True,0.5051826557580381,replan-dup-2,2,2,0,0,0,1,0,0.0
31,kinbridge_sync,300,long_outage,42,8485956724391973016,intent,full,0,same-node,edge-a,edge-a,0.0,True,0.5051826557580381,replan-dup-2,2,2,0,0,0,1,0,0.0
32,kinbridge_sync,300,long_outage,42,4538355714973215422,intent,full,0,same-node,edge-a,edge-a,0.0,True,0.5051826557580381,replan-dup-2,2,2,0,0,0,1,0,0.0
33,kinbridge_sync,300,long_outage,42,4229348423764792182,intent,full,0,same-node,edge-a,edge-a,0.0,True,0.5051826557580381,replan-dup-2,2,2,0,0,0,1,0,0.0
34,kinbridge_sync,300,long_outage,42,6920816489560906623,intent,full,0,same-node,edge-a,edge-a,0.0,True,0.5051826557580381,replan-dup-2,2,2,0,0,0,1,0,0.0
35,kinbridge_sync,300,long_outage,42,2651306583460729395,intent,full,0,same-node,edge-a,edge-a,0.0,True,0.5051826557580381,replan-dup-2,2,2,0,0,0,1,0,0.0
36,kinbridge_sync,300,long_outage,42,8070278914275637071,intent,full,0,same-node,edge-a,edge-a,0.0,True,0.5051826557580381,replan-dup-2,2,2,0,0,0,1,0,0.0
37,kinbridge_sync,300,long_outage,42,2479218190419830759,intent,full,0,same-node,edge-a,edge-a,0.0,True,0.5051826557580381,replan-dup-2,2,2,0,0,0,1,0,0.0
38,kinbridge_sync,300,long_outage,42,315612105264403171,intent,full,0,same-node,edge-a,edge-a,0.0,True,0.5051826557580381,replan-dup-2,2,2,0,0,0,1,0,0.0
39,kinbridge_sync,300,long_outage,42,2102170583641977130,intent,full,0,same-node,edge-a,edge-a,0.0,True,0.5051826557580381,replan-dup-2,2,2,0,0,0,1,0,0.0
40,kinbridge_sync,300,long_outage,42,20743618005094408,intent,full,0,same-node,edge-a,edge-a,0.0,True,0.5051826557580381,replan-dup-2,2,2,0,0,0,1,0,0.0
41,kinbridge_sync,300,long_outage,42,4559421915984599566,intent,full,0,same-node,edge-a,edge-a,0.0,True,0.5051826557580381,replan-dup-2,2,2,0,0,0,1,0,0.0
42,kinbridge_sync,300,long_outage,42,4799533792752784355,intent,full,0,same-node,edge-a,edge-a,0.0,True,0.5051826557580381,replan-dup-2,2,2,0,0,0,1,0,0.0
43,kinbridge_sync,300,long_outage,42,4713360416881176777,intent,full,0,same-node,edge-a,edge-a,0.0,True,0.5051826557580381,replan-dup-2,2,2,0,0,0,1,0,0.0
44,kinbridge_sync,300,long_outage,42,8157447264233172643,intent,full,0,same-node,edge-a,edge-a,0.0,True,0.5051826557580381,replan-dup-2,2,2,0,0,0,1,0,0.0
45,kinbridge_sync,300,long_outage,42,443900250252418068,intent,full,0,same-node,edge-a,edge-a,0.0,True,0.5051826557580381,replan-dup-2,2,2,0,0,0,1,0,0.0
46,kinbridge_sync,300,long_outage,42,4972752567279437837,intent,full,0,same-node,edge-a,edge-a,0.0,True,0.5051826557580381,replan-dup-2,2,2,0,0,0,1,0,0.0
47,kinbridge_sync,300,long_outage,42,8913063027801510873,intent,full,0,same-node,edge-a,edge-a,0.0,True,0.5051826557580381,replan-dup-2,2,2,0,0,0,1,0,0.0
48,kinbridge_sync,300,long_outage,42,1789450512840243451,intent,full,0,same-node,edge-a,edge-a,0.0,True,0.5051826557580381,replan-dup-2,2,2,0,0,0,1,0,0.0
49,kinbridge_sync,300,long_outage,42,2059958402964410245,intent,full,0,same-node,edge-a,edge-a,0.0,True,0.5051826557580381,replan-dup-2,2,2,0,0,0,1,0,0.0
50,kinbridge_sync,300,long_outage,42,3528052334883402927,intent,full,0,same-node,edge-a,edge-a,0.0,True,0.5051826557580381,replan-dup-2,2,2,0,0,0,1,0,0.0
51,kinbridge_sync,300,long_outage,42,1372660283689976127,intent,full,0,same-node,edge-a,edge-a,0.0,True,0.5051826557580381,replan-dup-2,2,2,0,0,0,1,0,0.0
52,kinbridge_sync,300,long_outage,42,3345906997356399660,intent,full,0,same-node,edge-a,edge-a,0.0,True,0.5051826557580381,replan-dup-2,2,2,0,0,0,1,0,0.0
53,kinbridge_sync,300,long_outage,42,4407308791654653466,intent,full,0,same-node,edge-a,edge-a,0.0,True,0.5051826557580381,replan-dup-2,2,2,0,0,0,1,0,0.0
54,kinbridge_sync,300,long_outage,42,4992947836239679302,intent,full,0,same-node,edge-a,edge-a,0.0,True,0.5051826557580381,replan-dup-2,2,2,0,0,0,1,0,0.0
55,kinbridge_sync,300,long_outage,42,7136760687830776056,intent,full,0,same-node,edge-a,edge-a,0.0,True,0.5051826557580381,replan-dup-2,2,2,0,0,0,1,0,0.0
56,kinbridge_sync,300,long_outage,42,2261511378230089488,intent,full,0,same-node,edge-a,edge-a,0.0,True,0.5051826557580381,replan-dup-2,2,2,0,0,0,1,0,0.0
57,kinbridge_sync,300,long_outage,42,7632859603518656546,intent,full,0,same-node,edge-a,edge-a,0.0,True,0.5051826557580381,replan-dup-2,2,2,0,0,0,1,0,0.0
58,kinbridge_sync,300,long_outage,42,2553964105251709392,intent,full,0,same-node,edge-a,edge-a,0.0,True,0.5051826557580381,replan-dup-2,2,2,0,0,0,1,0,0.0
59,kinbridge_sync,300,long_outage,42,4397297668768474874,intent,full,0,same-node,edge-a,edge-a,0.0,True,0.5051826557580381,replan-dup-2,2,2,0,0,0,1,0,0.0
60,kinbridge_sync,300,long_outage,42,6691456514116078688,intent,full,0,same-node,edge-a,edge-a,0.0,True,0.5051826557580381,replan-dup-2,2,2,0,0,0,1,0,0.0
61,kinbridge_sync,300,long_outage,42,6565774999177556350,intent,full,0,same-node,edge-a,edge-a,0.0,True,0.5051826557580381,replan-dup-2,2,2,0,0,0,1,0,0.0
62,kinbridge_sync,300,long_outage,42,8009603371842053871,intent,full,0,same-node,edge-a,edge-a,0.0,True,0.5051826557580381,replan-dup-2,2,2,0,0,0,1,0,0.0
63,kinbridge_sync,300,long_outage,42,3221913105372695851,intent,full,0,same-node,edge-a,edge-a,0.0,True,0.5051826557580381,replan-dup-2,2,2,0,0,0,1,0,0.0
64,kinbridge_sync,300,long_outage,42,7812415201080182123,intent,full,0,same-node,edge-a,edge-a,0.0,True,0.5051826557580381,replan-dup-2,2,2,0,0,0,1,0,0.0
65,kinbridge_sync,300,long_outage,42,7741236949077175768,intent,full,0,same-node,edge-a,edge-a,0.0,True,0.5051826557580381,replan-dup-2,2,2,0,0,0,1,0,0.0
66,kinbridge_sync,300,long_outage,42,1020971716547453971,intent,full,0,same-node,edge-a,edge-a,0.0,True,0.5051826557580381,replan-dup-2,2,2,0,0,0,1,0,0.0
67,kinbridge_sync,300,long_outage,42,3106371872936763636,intent,full,0,same-node,edge-a,edge-a,0.0,True,0.5051826557580381,replan-dup-2,2,2,0,0,0,1,0,0.0
68,kinbridge_sync,300,long_outage,42,4830317880243790605,intent,full,0,same-node,edge-a,edge-a,0.0,True,0.5051826557580381,replan-dup-2,2,2,0,0,0,1,0,0.0
69,kinbridge_sync,300,long_outage,42,1927694320330790230,intent,full,0,same-node,edge-a,edge-a,0.0,True,0.5051826557580381,replan-dup-2,2,2,0,0,0,1,0,0.0
70,kinbridge_sync,300,long_outage,42,3556007014290066830,intent,full,0,same-node,edge-a,edge-a,0.0,True,0.5051826557580381,replan-dup-2,2,2,0,0,0,1,0,0.0
71,kinbridge_sync,300,long_outage,42,753525249580243385,intent,full,0,same-node,edge-a,edge-a,0.0,True,0.5051826557580381,replan-dup-2,2,2,0,0,0,1,0,0.0
72,kinbridge_sync,300,long_outage,42,3185586337298159662,intent,full,0,same-node,edge-a,edge-a,0.0,True,0.5051826557580381,replan-dup-2,2,2,0,0,0,1,0,0.0
73,kinbridge_sync,300,long_outage,42,6875800002542260809,intent,full,0,same-node,edge-a,edge-a,0.0,True,0.5051826557580381,replan-dup-2,2,2,0,0,0,1,0,0.0
74,kinbridge_sync,300,long_outage,42,4639235218015866185,intent,full,0,same-node,edge-a,edge-a,0.0,True,0.5051826557580381,replan-dup-2,2,2,0,0,0,1,0,0.0
75,kinbridge_sync,300,long_outage,42,8792622456206637203,intent,full,0,same-node,edge-a,edge-a,0.0,True,0.5051826557580381,replan-dup-2,2,2,0,0,0,1,0,0.0
76,kinbridge_sync,300,long_outage,42,2681341455907497903,intent,full,0,same-node,edge-a,edge-a,0.0,True,0.5051826557580381,replan-dup-2,2,2,0,0,0,1,0,0.0
77,kinbridge_sync,300,long_outage,42,793480869997998619,intent,full,0,same-node,edge-a,edge-a,0.0,True,0.5051826557580381,replan-dup-2,2,2,0,0,0,1,0,0.0
78,kinbridge_sync,300,long_outage,42,7835175520373830507,intent,full,0,same-node,edge-a,edge-a,0.0,True,0.5051826557580381,replan-dup-2,2,2,0,0,0,1,0,0.0
79,kinbridge_sync,300,long_outage,42,7720746896185972588,intent,full,0,same-node,edge-a,edge-a,0.0,True,0.5051826557580381,replan-dup-2,2,2,0,0,0,1,0,0.0
80,kinbridge_sync,300,long_outage,42,8823196693387132782,intent,full,0,same-node,edge-a,edge-a,0.0,True,0.5051826557580381,replan-dup-2,2,2,0,0,0,1,0,0.0
81,kinbridge_sync,300,long_outage,42,5703898326464379344,intent,full,0,same-node,edge-a,edge-a,0.0,True,0.5051826557580381,replan-dup-2,2,2,0,0,0,1,0,0.0
82,kinbridge_sync,300,long_outage,42,8350209606352248970,intent,full,0,same-node,edge-a,edge-a,0.0,True,0.5051826557580381,replan-dup-2,2,2,0,0,0,1,0,0.0
83,kinbridge_sync,300,long_outage,42,8877029432004909359,intent,full,0,same-node,edge-a,edge-a,0.0,True,0.5051826557580381,replan-dup-2,2,2,0,0,0,1,0,0.0
84,kinbridge_sync,300,long_outage,42,2045501874682922052,intent,full,0,same-node,edge-a,edge-a,0.0,True,0.5051826557580381,replan-dup-2,2,2,0,0,0,1,0,0.0
85,kinbridge_sync,300,long_outage,42,7604875272269898648,intent,full,0,same-node,edge-a,edge-a,0.0,True,0.5051826557580381,replan-dup-2,2,2,0,0,0,1,0,0.0
86,kinbridge_sync,300,long_outage,42,2051663120702745544,intent,full,0,same-node,edge-a,edge-a,0.0,True,0.5051826557580381,replan-dup-2,2,2,0,0,0,1,0,0.0
87,kinbridge_sync,300,long_outage,42,8134703120775296909,intent,full,0,same-node,edge-a,edge-a,0.0,True,0.5051826557580381,replan-dup-2,2,2,0,0,0,1,0,0.0
88,kinbridge_sync,300,long_outage,42,3963082962448196439,intent,full,0,same-node,edge-a,edge-a,0.0,True,0.5051826557580381,replan-dup-2,2,2,0,0,0,1,0,0.0
89,kinbridge_sync,300,long_outage,42,2121932107619823784,intent,full,0,same-node,edge-a,edge-a,0.0,True,0.5051826557580381,replan-dup-2,2,2,0,0,0,1,0,0.0
90,kinbridge_sync,300,long_outage,42,8138596630249682044,intent,full,0,same-node,edge-a,edge-a,0.0,True,0.5051826557580381,replan-dup-2,2,2,0,0,0,1,0,0.0
91,kinbridge_sync,300,long_outage,42,8047149839657821724,intent,full,0,same-node,edge-a,edge-a,0.0,True,0.5051826557580381,replan-dup-2,2,2,0,0,0,1,0,0.0
92,kinbridge_sync,300,long_outage,42,3863574534261351829,intent,full,0,same-node,edge-a,edge-a,0.0,True,0.5051826557580381,replan-dup-2,2,2,0,0,0,1,0,0.0
93,kinbridge_sync,300,long_outage,42,1569879812968743301,intent,full,0,same-node,edge-a,edge-a,0.0,True,0.5051826557580381,replan-dup-2,2,2,0,0,0,1,0,0.0
94,kinbridge_sync,300,long_outage,42,5070395047424929652,intent,full,0,same-node,edge-a,edge-a,0.0,True,0.5051826557580381,replan-dup-2,2,2,0,0,0,1,0,0.0
95,kinbridge_sync,300,long_outage,42,4250671070671210630,intent,full,0,same-node,edge-a,edge-a,0.0,True,0.5051826557580381,replan-dup-2,2,2,0,0,0,1,0,0.0
96,kinbridge_sync,300,long_outage,42,3052998760315662722,intent,full,0,same-node,edge-a,edge-a,0.0,True,0.5051826557580381,replan-dup-2,2,2,0,0,0,1,0,0.0
97,kinbridge_sync,300,long_outage,42,1709607558700480440,intent,full,0,same-node,edge-a,edge-a,0.0,True,0.5051826557580381,replan-dup-2,2,2,0,0,0,1,0,0.0
98,kinbridge_sync,300,long_outage,42,4937076725352879921,intent,full,0,same-node,edge-a,edge-a,0.0,True,0.5051826557580381,replan-dup-2,2,2,0,0,0,1,0,0.0
99,kinbridge_sync,300,long_outage,42,6958887383990068181,intent,full,0,same-node,edge-a,edge-a,0.0,True,0.5051826557580381,replan-dup-2,2,2,0,0,0,1,0,0.0
